final id,species,site,specimen.date,wing,trial,Min of final rn,flip?,side
KEB_00103,halictus ligatus,r,7/1/2019,1,1,2,n,l
KEB_00103,halictus ligatus,r,7/1/2019,1,2,24,n,l
KEB_00103,halictus ligatus,r,7/1/2019,2,1,46,n,r
KEB_00103,halictus ligatus,r,7/1/2019,2,2,68,n,r
KEB_00104,halictus ligatus,r,7/1/2019,1,1,90,y,l
KEB_00104,halictus ligatus,r,7/1/2019,1,2,112,y,l
KEB_00104,halictus ligatus,r,7/1/2019,2,1,134,n,r
KEB_00104,halictus ligatus,r,7/1/2019,2,2,156,n,r
KEB_00115,halictus ligatus,r,7/1/2019,2,1,222,n,r
KEB_00115,halictus ligatus,r,7/1/2019,2,2,244,n,r
KEB_00122,halictus ligatus,r,7/2/2019,1,1,266,y,l
KEB_00122,halictus ligatus,r,7/2/2019,1,2,288,y,l
KEB_00122,halictus ligatus,r,7/2/2019,2,1,310,n,r
KEB_00122,halictus ligatus,r,7/2/2019,2,2,332,n,r
KEB_00149,nomia universitalis,r,7/2/2019,1,1,354,y,l
KEB_00149,nomia universitalis,r,7/2/2019,1,2,376,y,l
KEB_00149,nomia universitalis,r,7/2/2019,2,1,398,n,r
KEB_00149,nomia universitalis,r,7/2/2019,2,2,420,n,r
KEB_00168,nomia universitalis,c,7/2/2019,1,1,442,y,l
KEB_00168,nomia universitalis,c,7/2/2019,1,2,464,y,l
KEB_00169,nomia universitalis,c,7/2/2019,1,1,530,y,l
KEB_00169,nomia universitalis,c,7/2/2019,1,2,552,y,l
KEB_00169,nomia universitalis,c,7/2/2019,2,1,574,n,r
KEB_00169,nomia universitalis,c,7/2/2019,2,2,596,n,r
KEB_00170,nomia universitalis,c,7/2/2019,1,1,618,y,l
KEB_00170,nomia universitalis,c,7/2/2019,1,2,640,y,l
KEB_00170,nomia universitalis,c,7/2/2019,2,1,662,y,r
KEB_00170,nomia universitalis,c,7/2/2019,2,2,684,y,r
KEB_00172,nomia universitalis,c,7/2/2019,1,1,706,n,l
KEB_00172,nomia universitalis,c,7/2/2019,1,2,728,n,l
KEB_00172,nomia universitalis,c,7/2/2019,2,1,750,n,r
KEB_00172,nomia universitalis,c,7/2/2019,2,2,772,n,r
KEB_00173,nomia universitalis,c,7/2/2019,1,1,794,y,l
KEB_00173,nomia universitalis,c,7/2/2019,1,2,816,y,l
KEB_00173,nomia universitalis,c,7/2/2019,2,1,838,y,r
KEB_00173,nomia universitalis,c,7/2/2019,2,2,860,y,r
KEB_00174,nomia universitalis,c,7/2/2019,1,1,882,y,l
KEB_00174,nomia universitalis,c,7/2/2019,1,2,904,y,l
KEB_00174,nomia universitalis,c,7/2/2019,2,1,926,n,r
KEB_00174,nomia universitalis,c,7/2/2019,2,2,948,n,r
KEB_00195,nomia universitalis,r,7/11/2019,1,1,970,y,l
KEB_00195,nomia universitalis,r,7/11/2019,1,2,992,y,l
KEB_00195,nomia universitalis,r,7/11/2019,2,1,1014,n,r
KEB_00195,nomia universitalis,r,7/11/2019,2,2,1036,n,r
KEB_00196,nomia universitalis,r,7/11/2019,1,1,1058,y,l
KEB_00196,nomia universitalis,r,7/11/2019,1,2,1080,y,l
KEB_00196,nomia universitalis,r,7/11/2019,2,1,1102,n,r
KEB_00196,nomia universitalis,r,7/11/2019,2,2,1124,n,r
KEB_00197,nomia universitalis,r,7/11/2019,1,1,1146,y,l
KEB_00197,nomia universitalis,r,7/11/2019,1,2,1168,y,l
KEB_00197,nomia universitalis,r,7/11/2019,2,1,1190,n,r
KEB_00197,nomia universitalis,r,7/11/2019,2,2,1212,n,r
KEB_00198,nomia universitalis,r,7/11/2019,1,1,1234,y,l
KEB_00198,nomia universitalis,r,7/11/2019,1,2,1256,y,l
KEB_00198,nomia universitalis,r,7/11/2019,2,1,1278,n,r
KEB_00198,nomia universitalis,r,7/11/2019,2,2,1300,n,r
KEB_00200,nomia universitalis,r,7/11/2019,1,1,1322,y,l
KEB_00200,nomia universitalis,r,7/11/2019,1,2,1344,y,l
KEB_00200,nomia universitalis,r,7/11/2019,2,1,1366,y,r
KEB_00200,nomia universitalis,r,7/11/2019,2,2,1388,y,r
KEB_00208,nomia universitalis,r,7/11/2019,1,1,1410,y,l
KEB_00208,nomia universitalis,r,7/11/2019,1,2,1432,y,l
KEB_00208,nomia universitalis,r,7/11/2019,2,1,1454,n,r
KEB_00208,nomia universitalis,r,7/11/2019,2,2,1476,n,r
KEB_00209,nomia universitalis,r,7/11/2019,1,1,1498,n,l
KEB_00209,nomia universitalis,r,7/11/2019,1,2,1520,n,l
KEB_00209,nomia universitalis,r,7/11/2019,2,1,1542,n,r
KEB_00209,nomia universitalis,r,7/11/2019,2,2,1564,n,r
KEB_00211,nomia universitalis,r,7/11/2019,1,1,1586,y,l
KEB_00211,nomia universitalis,r,7/11/2019,1,2,1608,y,l
KEB_00211,nomia universitalis,r,7/11/2019,2,1,1630,n,r
KEB_00211,nomia universitalis,r,7/11/2019,2,2,1652,n,r
KEB_00212,nomia universitalis,r,7/11/2019,1,1,1674,y,l
KEB_00212,nomia universitalis,r,7/11/2019,1,2,1696,y,l
KEB_00212,nomia universitalis,r,7/11/2019,2,1,1718,y,r
KEB_00212,nomia universitalis,r,7/11/2019,2,2,1740,y,r
KEB_00213,nomia universitalis,r,7/11/2019,1,1,1762,y,l
KEB_00213,nomia universitalis,r,7/11/2019,1,2,1784,y,l
KEB_00213,nomia universitalis,r,7/11/2019,2,1,1806,n,r
KEB_00213,nomia universitalis,r,7/11/2019,2,2,1828,n,r
KEB_00214,nomia universitalis,r,7/11/2019,1,1,1850,y,l
KEB_00214,nomia universitalis,r,7/11/2019,1,2,1872,y,l
KEB_00215,nomia universitalis,r,7/11/2019,1,1,1938,n,l
KEB_00215,nomia universitalis,r,7/11/2019,1,2,1960,n,l
KEB_00215,nomia universitalis,r,7/11/2019,2,1,1982,n,r
KEB_00215,nomia universitalis,r,7/11/2019,2,2,2004,n,r
KEB_00216,nomia universitalis,r,7/11/2019,1,1,2026,y,l
KEB_00216,nomia universitalis,r,7/11/2019,1,2,2048,y,l
KEB_00216,nomia universitalis,r,7/11/2019,2,1,2070,n,r
KEB_00216,nomia universitalis,r,7/11/2019,2,2,2092,n,r
KEB_00251,halictus ligatus,r,7/12/2019,1,1,2202,y,l
KEB_00251,halictus ligatus,r,7/12/2019,1,2,2224,y,l
KEB_00251,halictus ligatus,r,7/12/2019,2,1,2246,y,r
KEB_00251,halictus ligatus,r,7/12/2019,2,2,2268,y,r
KEB_00260,halictus ligatus,r,7/12/2019,1,1,2290,y,l
KEB_00260,halictus ligatus,r,7/12/2019,1,2,2312,y,l
KEB_00260,halictus ligatus,r,7/12/2019,2,1,2334,n,r
KEB_00260,halictus ligatus,r,7/12/2019,2,2,2356,n,r
KEB_00261,halictus ligatus,r,7/12/2019,1,1,2378,y,l
KEB_00261,halictus ligatus,r,7/12/2019,1,2,2400,y,l
KEB_00261,halictus ligatus,r,7/12/2019,2,1,2422,n,r
KEB_00261,halictus ligatus,r,7/12/2019,2,2,2444,n,r
KEB_00267,nomia universitalis,r,7/12/2019,2,1,2510,n,r
KEB_00267,nomia universitalis,r,7/12/2019,2,2,2532,n,r
KEB_00268,nomia universitalis,r,7/12/2019,1,1,2554,n,l
KEB_00268,nomia universitalis,r,7/12/2019,1,2,2576,n,l
KEB_00268,nomia universitalis,r,7/12/2019,2,1,2598,y,r
KEB_00268,nomia universitalis,r,7/12/2019,2,2,2620,y,r
KEB_00269,nomia universitalis,r,7/12/2019,1,1,2642,n,l
KEB_00269,nomia universitalis,r,7/12/2019,1,2,2664,n,l
KEB_00269,nomia universitalis,r,7/12/2019,2,1,2686,n,r
KEB_00269,nomia universitalis,r,7/12/2019,2,2,2708,n,r
KEB_00270,nomia universitalis,r,7/12/2019,1,1,2730,n,l
KEB_00270,nomia universitalis,r,7/12/2019,1,2,2752,n,l
KEB_00270,nomia universitalis,r,7/12/2019,2,1,2774,y,r
KEB_00270,nomia universitalis,r,7/12/2019,2,2,2796,y,r
KEB_00271,nomia universitalis,r,7/12/2019,1,1,2818,y,l
KEB_00271,nomia universitalis,r,7/12/2019,1,2,2840,y,l
KEB_00271,nomia universitalis,r,7/12/2019,2,1,2862,n,r
KEB_00271,nomia universitalis,r,7/12/2019,2,2,2884,n,r
KEB_00272,nomia universitalis,r,7/12/2019,1,1,2906,y,l
KEB_00272,nomia universitalis,r,7/12/2019,1,2,2928,y,l
KEB_00272,nomia universitalis,r,7/12/2019,2,1,2950,n,r
KEB_00272,nomia universitalis,r,7/12/2019,2,2,2972,n,r
KEB_00273,nomia universitalis,r,7/12/2019,1,1,2994,y,l
KEB_00273,nomia universitalis,r,7/12/2019,1,2,3016,y,l
KEB_00273,nomia universitalis,r,7/12/2019,2,1,3038,y,r
KEB_00273,nomia universitalis,r,7/12/2019,2,2,3060,y,r
KEB_00284,nomia universitalis,r,7/15/2019,1,1,3082,y,l
KEB_00284,nomia universitalis,r,7/15/2019,1,2,3104,y,l
KEB_00284,nomia universitalis,r,7/15/2019,2,1,3126,n,r
KEB_00284,nomia universitalis,r,7/15/2019,2,2,3148,n,r
KEB_00288,nomia universitalis,r,7/15/2019,1,1,3170,y,l
KEB_00288,nomia universitalis,r,7/15/2019,1,2,3192,y,l
KEB_00288,nomia universitalis,r,7/15/2019,2,1,3214,y,r
KEB_00288,nomia universitalis,r,7/15/2019,2,2,3236,y,r
KEB_00303,halictus ligatus,r,7/15/2019,1,1,3258,y,l
KEB_00303,halictus ligatus,r,7/15/2019,1,2,3280,y,l
KEB_00303,halictus ligatus,r,7/15/2019,2,1,3302,n,r
KEB_00303,halictus ligatus,r,7/15/2019,2,2,3324,n,r
KEB_00304,halictus ligatus,r,7/15/2019,1,1,3346,y,l
KEB_00304,halictus ligatus,r,7/15/2019,1,2,3368,y,l
KEB_00304,halictus ligatus,r,7/15/2019,2,1,3390,y,r
KEB_00304,halictus ligatus,r,7/15/2019,2,2,3412,y,r
KEB_00305,halictus ligatus,r,7/15/2019,1,1,3434,n,l
KEB_00305,halictus ligatus,r,7/15/2019,1,2,3456,n,l
KEB_00305,halictus ligatus,r,7/15/2019,2,1,3478,y,r
KEB_00305,halictus ligatus,r,7/15/2019,2,2,3500,y,r
KEB_00340,halictus ligatus,r,7/16/2019,1,1,3522,y,l
KEB_00340,halictus ligatus,r,7/16/2019,1,2,3544,y,l
KEB_00340,halictus ligatus,r,7/16/2019,2,1,3566,n,r
KEB_00340,halictus ligatus,r,7/16/2019,2,2,3588,n,r
KEB_00353,halictus ligatus,r,7/17/2019,1,1,3610,n,l
KEB_00353,halictus ligatus,r,7/17/2019,1,2,3632,n,l
KEB_00353,halictus ligatus,r,7/17/2019,2,1,3654,y,r
KEB_00353,halictus ligatus,r,7/17/2019,2,2,3676,y,r
KEB_00354,halictus ligatus,r,7/17/2019,1,1,3698,y,l
KEB_00354,halictus ligatus,r,7/17/2019,1,2,3720,y,l
KEB_00354,halictus ligatus,r,7/17/2019,2,1,3742,y,r
KEB_00354,halictus ligatus,r,7/17/2019,2,2,3764,y,r
KEB_00355,halictus ligatus,r,7/17/2019,1,1,3786,n,l
KEB_00355,halictus ligatus,r,7/17/2019,1,2,3808,n,l
KEB_00355,halictus ligatus,r,7/17/2019,2,1,3830,y,r
KEB_00355,halictus ligatus,r,7/17/2019,2,2,3852,y,r
KEB_00356,halictus ligatus,r,7/17/2019,1,1,3874,n,l
KEB_00356,halictus ligatus,r,7/17/2019,1,2,3896,n,l
KEB_00356,halictus ligatus,r,7/17/2019,2,1,3918,n,r
KEB_00356,halictus ligatus,r,7/17/2019,2,2,3940,n,r
KEB_00357,halictus ligatus,r,7/17/2019,1,1,3962,n,l
KEB_00357,halictus ligatus,r,7/17/2019,1,2,3984,n,l
KEB_00357,halictus ligatus,r,7/17/2019,2,1,4006,n,r
KEB_00357,halictus ligatus,r,7/17/2019,2,2,4028,n,r
KEB_00364,halictus ligatus,r,7/17/2019,1,1,4050,y,l
KEB_00364,halictus ligatus,r,7/17/2019,1,2,4072,y,l
KEB_00364,halictus ligatus,r,7/17/2019,2,1,4094,n,r
KEB_00364,halictus ligatus,r,7/17/2019,2,2,4116,n,r
KEB_00387,halictus ligatus,r,7/18/2019,1,1,4138,y,l
KEB_00387,halictus ligatus,r,7/18/2019,1,2,4160,y,l
KEB_00387,halictus ligatus,r,7/18/2019,2,1,4182,n,r
KEB_00387,halictus ligatus,r,7/18/2019,2,2,4204,n,r
KEB_00388,halictus ligatus,r,7/18/2019,1,1,4226,y,l
KEB_00388,halictus ligatus,r,7/18/2019,1,2,4248,y,l
KEB_00388,halictus ligatus,r,7/18/2019,2,1,4270,n,r
KEB_00388,halictus ligatus,r,7/18/2019,2,2,4292,n,r
KEB_00423,nomia universitalis,r,7/19/2019,1,1,4314,y,l
KEB_00423,nomia universitalis,r,7/19/2019,1,2,4336,y,l
KEB_00423,nomia universitalis,r,7/19/2019,2,1,4358,n,r
KEB_00423,nomia universitalis,r,7/19/2019,2,2,4380,n,r
KEB_00434,nomia universitalis,r,7/19/2019,1,1,4402,y,l
KEB_00434,nomia universitalis,r,7/19/2019,1,2,4424,y,l
KEB_00434,nomia universitalis,r,7/19/2019,2,1,4446,n,r
KEB_00434,nomia universitalis,r,7/19/2019,2,2,4468,n,r
KEB_00435,nomia universitalis,r,7/19/2019,1,1,4490,y,l
KEB_00435,nomia universitalis,r,7/19/2019,1,2,4512,y,l
KEB_00435,nomia universitalis,r,7/19/2019,2,1,4534,y,r
KEB_00435,nomia universitalis,r,7/19/2019,2,2,4556,y,r
KEB_00436,nomia universitalis,r,7/19/2019,1,1,4578,y,l
KEB_00436,nomia universitalis,r,7/19/2019,1,2,4600,y,l
KEB_00436,nomia universitalis,r,7/19/2019,2,1,4622,n,r
KEB_00436,nomia universitalis,r,7/19/2019,2,2,4644,n,r
KEB_00438,nomia universitalis,r,7/19/2019,1,1,4666,y,l
KEB_00438,nomia universitalis,r,7/19/2019,1,2,4688,y,l
KEB_00438,nomia universitalis,r,7/19/2019,2,1,4710,n,r
KEB_00438,nomia universitalis,r,7/19/2019,2,2,4732,n,r
KEB_00443,nomia universitalis,r,7/19/2019,1,1,4754,y,l
KEB_00443,nomia universitalis,r,7/19/2019,1,2,4776,y,l
KEB_00443,nomia universitalis,r,7/19/2019,2,1,4798,n,r
KEB_00443,nomia universitalis,r,7/19/2019,2,2,4820,n,r
KEB_00444,nomia universitalis,r,7/19/2019,1,1,4842,n,l
KEB_00444,nomia universitalis,r,7/19/2019,1,2,4864,n,l
KEB_00444,nomia universitalis,r,7/19/2019,2,1,4886,y,r
KEB_00444,nomia universitalis,r,7/19/2019,2,2,4908,y,r
KEB_00458,halictus ligatus,r,7/23/2019,1,1,4930,y,l
KEB_00458,halictus ligatus,r,7/23/2019,1,2,4952,y,l
KEB_00458,halictus ligatus,r,7/23/2019,2,1,4974,n,r
KEB_00458,halictus ligatus,r,7/23/2019,2,2,4996,n,r
KEB_00463,nomia universitalis,r,7/23/2019,1,1,5018,y,l
KEB_00463,nomia universitalis,r,7/23/2019,1,2,5040,y,l
KEB_00463,nomia universitalis,r,7/23/2019,2,1,5062,n,r
KEB_00463,nomia universitalis,r,7/23/2019,2,2,5084,n,r
KEB_00471,halictus ligatus,r,7/23/2019,1,1,5106,y,l
KEB_00471,halictus ligatus,r,7/23/2019,1,2,5128,y,l
KEB_00471,halictus ligatus,r,7/23/2019,2,1,5150,n,r
KEB_00471,halictus ligatus,r,7/23/2019,2,2,5172,n,r
KEB_00474,nomia universitalis,c,7/25/2019,1,1,5282,y,l
KEB_00474,nomia universitalis,c,7/25/2019,1,2,5304,y,l
KEB_00474,nomia universitalis,c,7/25/2019,2,1,5326,n,r
KEB_00474,nomia universitalis,c,7/25/2019,2,2,5348,n,r
KEB_00478,nomia universitalis,c,7/25/2019,1,1,5370,y,l
KEB_00478,nomia universitalis,c,7/25/2019,1,2,5392,y,l
KEB_00478,nomia universitalis,c,7/25/2019,2,1,5414,n,r
KEB_00478,nomia universitalis,c,7/25/2019,2,2,5436,n,r
KEB_00480,nomia universitalis,c,7/25/2019,1,1,5458,n,l
KEB_00480,nomia universitalis,c,7/25/2019,1,2,5480,n,l
KEB_00480,nomia universitalis,c,7/25/2019,2,1,5502,n,r
KEB_00480,nomia universitalis,c,7/25/2019,2,2,5524,n,r
KEB_00481,nomia universitalis,c,7/25/2019,1,1,5546,y,l
KEB_00481,nomia universitalis,c,7/25/2019,1,2,5568,y,l
KEB_00481,nomia universitalis,c,7/25/2019,2,1,5590,y,r
KEB_00481,nomia universitalis,c,7/25/2019,2,2,5612,y,r
KEB_00482,nomia universitalis,c,7/25/2019,1,1,5634,y,l
KEB_00482,nomia universitalis,c,7/25/2019,1,2,5656,y,l
KEB_00482,nomia universitalis,c,7/25/2019,2,1,5678,n,r
KEB_00482,nomia universitalis,c,7/25/2019,2,2,5700,n,r
KEB_00485,nomia universitalis,c,7/25/2019,1,1,5722,y,l
KEB_00485,nomia universitalis,c,7/25/2019,1,2,5744,y,l
KEB_00485,nomia universitalis,c,7/25/2019,2,1,5766,n,r
KEB_00485,nomia universitalis,c,7/25/2019,2,2,5788,n,r
KEB_00487,nomia universitalis,c,7/25/2019,1,1,5898,y,l
KEB_00487,nomia universitalis,c,7/25/2019,1,2,5920,y,l
KEB_00487,nomia universitalis,c,7/25/2019,2,1,5942,n,r
KEB_00487,nomia universitalis,c,7/25/2019,2,2,5964,n,r
KEB_00488,nomia universitalis,c,7/25/2019,1,1,5986,y,l
KEB_00488,nomia universitalis,c,7/25/2019,1,2,6008,y,l
KEB_00488,nomia universitalis,c,7/25/2019,2,1,6030,n,r
KEB_00488,nomia universitalis,c,7/25/2019,2,2,6052,n,r
KEB_00489,nomia universitalis,c,7/25/2019,1,1,6074,y,l
KEB_00489,nomia universitalis,c,7/25/2019,1,2,6096,y,l
KEB_00489,nomia universitalis,c,7/25/2019,2,1,6118,n,r
KEB_00489,nomia universitalis,c,7/25/2019,2,2,6140,n,r
KEB_00490,nomia universitalis,c,7/25/2019,1,1,6162,y,l
KEB_00490,nomia universitalis,c,7/25/2019,1,2,6184,y,l
KEB_00490,nomia universitalis,c,7/25/2019,2,1,6206,n,r
KEB_00490,nomia universitalis,c,7/25/2019,2,2,6228,n,r
KEB_00544,nomia universitalis,r,7/26/2019,1,1,6250,y,l
KEB_00544,nomia universitalis,r,7/26/2019,1,2,6272,y,l
KEB_00544,nomia universitalis,r,7/26/2019,2,1,6294,n,r
KEB_00544,nomia universitalis,r,7/26/2019,2,2,6316,n,r
KEB_00598,halictus ligatus,r,7/29/2019,1,1,6338,y,l
KEB_00598,halictus ligatus,r,7/29/2019,1,2,6360,y,l
KEB_00598,halictus ligatus,r,7/29/2019,2,1,6382,n,r
KEB_00598,halictus ligatus,r,7/29/2019,2,2,6404,n,r
KEB_00599,halictus ligatus,r,7/29/2019,1,1,6426,y,l
KEB_00599,halictus ligatus,r,7/29/2019,1,2,6448,y,l
KEB_00599,halictus ligatus,r,7/29/2019,2,1,6470,n,r
KEB_00599,halictus ligatus,r,7/29/2019,2,2,6492,n,r
KEB_00647,halictus ligatus,c,7/29/2019,1,1,6514,y,l
KEB_00647,halictus ligatus,c,7/29/2019,1,2,6536,y,l
KEB_00647,halictus ligatus,c,7/29/2019,2,1,6558,y,r
KEB_00647,halictus ligatus,c,7/29/2019,2,2,6580,y,r
KEB_00649,halictus ligatus,c,7/29/2019,1,1,6602,y,l
KEB_00649,halictus ligatus,c,7/29/2019,1,2,6624,y,l
KEB_00649,halictus ligatus,c,7/29/2019,2,1,6646,n,r
KEB_00649,halictus ligatus,c,7/29/2019,2,2,6668,n,r
KEB_00650,halictus ligatus,c,7/29/2019,1,1,6690,n,l
KEB_00650,halictus ligatus,c,7/29/2019,1,2,6712,n,l
KEB_00650,halictus ligatus,c,7/29/2019,2,1,6734,y,r
KEB_00650,halictus ligatus,c,7/29/2019,2,2,6756,y,r
KEB_00651,halictus ligatus,c,7/29/2019,1,1,6778,n,l
KEB_00651,halictus ligatus,c,7/29/2019,1,2,6800,n,l
KEB_00651,halictus ligatus,c,7/29/2019,2,1,6822,n,r
KEB_00651,halictus ligatus,c,7/29/2019,2,2,6844,n,r
KEB_00663,halictus ligatus,r,8/9/2019,1,1,6866,n,l
KEB_00663,halictus ligatus,r,8/9/2019,1,2,6888,n,l
KEB_00663,halictus ligatus,r,8/9/2019,2,1,6910,y,r
KEB_00663,halictus ligatus,r,8/9/2019,2,2,6932,y,r
KEB_00664,halictus ligatus,r,8/9/2019,1,1,6954,n,l
KEB_00664,halictus ligatus,r,8/9/2019,1,2,6976,n,l
KEB_00665,halictus ligatus,r,8/9/2019,1,1,7042,y,l
KEB_00665,halictus ligatus,r,8/9/2019,1,2,7064,y,l
KEB_00665,halictus ligatus,r,8/9/2019,2,1,7086,n,r
KEB_00665,halictus ligatus,r,8/9/2019,2,2,7108,n,r
KEB_00666,halictus ligatus,r,8/9/2019,1,1,7130,n,l
KEB_00666,halictus ligatus,r,8/9/2019,1,2,7152,n,l
KEB_00666,halictus ligatus,r,8/9/2019,2,1,7174,y,r
KEB_00666,halictus ligatus,r,8/9/2019,2,2,7196,y,r
KEB_00678,halictus ligatus,r,8/9/2019,1,1,7218,y,l
KEB_00678,halictus ligatus,r,8/9/2019,1,2,7240,y,l
KEB_00678,halictus ligatus,r,8/9/2019,2,1,7262,n,r
KEB_00678,halictus ligatus,r,8/9/2019,2,2,7284,n,r
KEB_00692,halictus ligatus,r,8/9/2019,1,1,7306,n,l
KEB_00692,halictus ligatus,r,8/9/2019,1,2,7328,n,l
KEB_00692,halictus ligatus,r,8/9/2019,2,1,7350,y,r
KEB_00692,halictus ligatus,r,8/9/2019,2,2,7372,y,r
KEB_00746,halictus ligatus,r,8/13/2019,2,1,7438,y,r
KEB_00746,halictus ligatus,r,8/13/2019,2,2,7460,y,r
KEB_00479,nomia universitalis,c,7/25/2019,1,1,7482,y,l
KEB_00479,nomia universitalis,c,7/25/2019,1,2,7504,y,l
KEB_00479,nomia universitalis,c,7/25/2019,2,1,7526,n,r
KEB_00479,nomia universitalis,c,7/25/2019,2,2,7548,n,r
KEB_00791,halictus ligatus,c,8/15/2019,1,1,7570,n,l
KEB_00791,halictus ligatus,c,8/15/2019,1,2,7592,n,l
KEB_00791,halictus ligatus,c,8/15/2019,2,1,7614,y,r
KEB_00791,halictus ligatus,c,8/15/2019,2,2,7636,y,r
KEB_00792,halictus ligatus,c,8/15/2019,1,1,7658,n,l
KEB_00792,halictus ligatus,c,8/15/2019,1,2,7680,n,l
KEB_00792,halictus ligatus,c,8/15/2019,2,1,7702,n,r
KEB_00792,halictus ligatus,c,8/15/2019,2,2,7724,n,r
KEB_00801,nomia universitalis,c,8/15/2019,1,1,7746,y,l
KEB_00801,nomia universitalis,c,8/15/2019,1,2,7768,y,l
KEB_00801,nomia universitalis,c,8/15/2019,2,1,7790,n,r
KEB_00801,nomia universitalis,c,8/15/2019,2,2,7812,n,r
KEB_00813,halictus ligatus,r,8/16/2019,1,1,7834,n,l
KEB_00813,halictus ligatus,r,8/16/2019,1,2,7856,n,l
KEB_00813,halictus ligatus,r,8/16/2019,2,1,7878,y,r
KEB_00813,halictus ligatus,r,8/16/2019,2,2,7900,y,r
KEB_00837,halictus ligatus,r,8/16/2019,1,1,7922,n,l
KEB_00837,halictus ligatus,r,8/16/2019,1,2,7944,n,l
KEB_00837,halictus ligatus,r,8/16/2019,2,1,7966,y,r
KEB_00837,halictus ligatus,r,8/16/2019,2,2,7988,y,r
KEB_00845,halictus ligatus,r,8/16/2019,1,1,8010,y,l
KEB_00845,halictus ligatus,r,8/16/2019,1,2,8032,y,l
KEB_00845,halictus ligatus,r,8/16/2019,2,1,8054,n,r
KEB_00845,halictus ligatus,r,8/16/2019,2,2,8076,n,r
KEB_00935,halictus ligatus,r,9/2/2019,1,1,8098,y,l
KEB_00935,halictus ligatus,r,9/2/2019,1,2,8120,y,l
KEB_00935,halictus ligatus,r,9/2/2019,2,1,8142,n,r
KEB_00935,halictus ligatus,r,9/2/2019,2,2,8164,n,r
KEB_00936,halictus ligatus,r,9/2/2019,1,1,8186,y,l
KEB_00936,halictus ligatus,r,9/2/2019,1,2,8208,y,l
KEB_00936,halictus ligatus,r,9/2/2019,2,1,8230,n,r
KEB_00936,halictus ligatus,r,9/2/2019,2,2,8252,n,r
KEB_00937,halictus ligatus,r,9/2/2019,1,1,8274,y,l
KEB_00937,halictus ligatus,r,9/2/2019,1,2,8296,y,l
KEB_00937,halictus ligatus,r,9/2/2019,2,1,8318,y,r
KEB_00937,halictus ligatus,r,9/2/2019,2,2,8340,y,r
KEB_00942,halictus ligatus,c,9/13/2019,1,1,8362,y,l
KEB_00942,halictus ligatus,c,9/13/2019,1,2,8384,y,l
KEB_00942,halictus ligatus,c,9/13/2019,2,1,8406,y,r
KEB_00942,halictus ligatus,c,9/13/2019,2,2,8428,y,r
KEB_00948,halictus ligatus,c,9/13/2019,1,1,8450,y,l
KEB_00948,halictus ligatus,c,9/13/2019,1,2,8472,y,l
KEB_00948,halictus ligatus,c,9/13/2019,2,1,8494,y,r
KEB_00948,halictus ligatus,c,9/13/2019,2,2,8516,y,r
KEB_00964,halictus ligatus,r,9/13/2019,1,1,8538,n,l
KEB_00964,halictus ligatus,r,9/13/2019,1,2,8560,n,l
KEB_00964,halictus ligatus,r,9/13/2019,2,1,8582,n,r
KEB_00964,halictus ligatus,r,9/13/2019,2,2,8604,n,r
KEB_00990,halictus ligatus,r,9/20/2019,1,1,8626,y,l
KEB_00990,halictus ligatus,r,9/20/2019,1,2,8648,y,l
KEB_00990,halictus ligatus,r,9/20/2019,2,1,8670,y,r
KEB_00990,halictus ligatus,r,9/20/2019,2,2,8692,y,r
KEB_01015,halictus ligatus,r,9/20/2019,1,1,8714,y,l
KEB_01015,halictus ligatus,r,9/20/2019,1,2,8736,y,l
KEB_01015,halictus ligatus,r,9/20/2019,2,1,8758,y,r
KEB_01015,halictus ligatus,r,9/20/2019,2,2,8780,y,r
KEB_00930,halictus confusus,c,9/2/2019,1,1,8978,n,l
KEB_00930,halictus confusus,c,9/2/2019,1,2,9000,n,l
KEB_00930,halictus confusus,c,9/2/2019,2,1,9022,y,r
KEB_00930,halictus confusus,c,9/2/2019,2,2,9044,y,r
KEB_00932,halictus confusus,c,9/2/2019,1,1,9066,n,l
KEB_00932,halictus confusus,c,9/2/2019,1,2,9088,n,l
KEB_00932,halictus confusus,c,9/2/2019,2,1,9110,n,r
KEB_00932,halictus confusus,c,9/2/2019,2,2,9132,n,r
KEB_00881,halictus confusus,r,8/29/2019,1,1,9154,n,l
KEB_00881,halictus confusus,r,8/29/2019,1,2,9176,n,l
KEB_00881,halictus confusus,r,8/29/2019,2,1,9198,y,r
KEB_00881,halictus confusus,r,8/29/2019,2,2,9220,y,r
KEB_00802,halictus confusus,c,8/15/2019,1,1,9946,y,l
KEB_00802,halictus confusus,c,8/15/2019,1,2,9968,y,l
KEB_00802,halictus confusus,c,8/15/2019,2,1,9990,n,r
KEB_00802,halictus confusus,c,8/15/2019,2,2,10012,n,r
KEB_00710,halictus confusus,c,8/13/2019,1,1,10210,n,l
KEB_00710,halictus confusus,c,8/13/2019,1,2,10232,n,l
KEB_00710,halictus confusus,c,8/13/2019,2,1,10254,n,r
KEB_00710,halictus confusus,c,8/13/2019,2,2,10276,n,r
KEB_00542,halictus confusus,c,7/26/2019,1,1,10298,n,l
KEB_00542,halictus confusus,c,7/26/2019,1,2,10320,n,l
KEB_00542,halictus confusus,c,7/26/2019,2,1,10342,y,r
KEB_00542,halictus confusus,c,7/26/2019,2,2,10364,y,r
KEB_00541,halictus confusus,c,7/26/2019,1,1,10386,y,l
KEB_00541,halictus confusus,c,7/26/2019,1,2,10408,y,l
KEB_00541,halictus confusus,c,7/26/2019,2,1,10430,y,r
KEB_00541,halictus confusus,c,7/26/2019,2,2,10452,y,r
KEB_00404,halictus confusus,r,7/19/2019,1,1,10474,y,l
KEB_00404,halictus confusus,r,7/19/2019,1,2,10496,y,l
KEB_00404,halictus confusus,r,7/19/2019,2,1,10518,y,r
KEB_00404,halictus confusus,r,7/19/2019,2,2,10540,y,r
KEB_00365,halictus ligatus,r,7/17/2019,1,1,10562,y,l
KEB_00365,halictus ligatus,r,7/17/2019,1,2,10584,y,l
KEB_00365,halictus ligatus,r,7/17/2019,2,1,10606,y,r
KEB_00365,halictus ligatus,r,7/17/2019,2,2,10628,y,r
KEB_00999,halictus confusus,c,9/20/2019,1,1,10650,n,l
KEB_00999,halictus confusus,c,9/20/2019,1,2,10672,n,l
KEB_00999,halictus confusus,c,9/20/2019,2,1,10694,n,r
KEB_00999,halictus confusus,c,9/20/2019,2,2,10716,n,r
KEB_00253,halictus confusus,r,7/12/2019,1,1,10738,n,l
KEB_00253,halictus confusus,r,7/12/2019,1,2,10760,n,l
KEB_00253,halictus confusus,r,7/12/2019,2,1,10782,y,r
KEB_00253,halictus confusus,r,7/12/2019,2,2,10804,y,r
KEB_00310,halictus confusus,r,7/15/2019,1,1,10826,y,l
KEB_00310,halictus confusus,r,7/15/2019,1,2,10848,y,l
KEB_00310,halictus confusus,r,7/15/2019,2,1,10870,y,r
KEB_00310,halictus confusus,r,7/15/2019,2,2,10892,y,r
KEB_00923,halictus confusus,c,9/2/2019,1,1,11882,n,l
KEB_00923,halictus confusus,c,9/2/2019,1,2,11904,n,l
KEB_00923,halictus confusus,c,9/2/2019,2,1,11926,y,r
KEB_00923,halictus confusus,c,9/2/2019,2,2,11948,y,r
KEB_00945,halictus confusus,c,9/13/2019,1,1,11970,n,l
KEB_00945,halictus confusus,c,9/13/2019,1,2,11992,n,l
KEB_00945,halictus confusus,c,9/13/2019,2,1,12014,n,r
KEB_00945,halictus confusus,c,9/13/2019,2,2,12036,n,r
KEB_00993,halictus confusus,r,9/20/2019,1,1,12058,y,l
KEB_00993,halictus confusus,r,9/20/2019,1,2,12080,y,l
KEB_00993,halictus confusus,r,9/20/2019,2,1,12102,y,r
KEB_00993,halictus confusus,r,9/20/2019,2,2,12124,y,r
KEB_00997,halictus confusus,c,9/20/2019,1,1,12146,n,l
KEB_00997,halictus confusus,c,9/20/2019,1,2,12168,n,l
KEB_00997,halictus confusus,c,9/20/2019,2,1,12190,y,r
KEB_00997,halictus confusus,c,9/20/2019,2,2,12212,y,r
KEB_00178,bombus auricomus,r,7/11/2019,1,1,12322,y,l
KEB_00178,bombus auricomus,r,7/11/2019,1,2,12344,y,l
KEB_00178,bombus auricomus,r,7/11/2019,2,1,12366,n,r
KEB_00178,bombus auricomus,r,7/11/2019,2,2,12388,n,r
KEB_00725,bombus pensylvanicus,r,8/13/2019,1,1,12410,y,l
KEB_00725,bombus pensylvanicus,r,8/13/2019,1,2,12432,y,l
KEB_00725,bombus pensylvanicus,r,8/13/2019,2,1,12454,n,r
KEB_00725,bombus pensylvanicus,r,8/13/2019,2,2,12476,n,r
KEB_00732,bombus pensylvanicus,r,8/13/2019,1,1,12498,y,l
KEB_00732,bombus pensylvanicus,r,8/13/2019,1,2,12520,y,l
KEB_00732,bombus pensylvanicus,r,8/13/2019,2,1,12542,n,r
KEB_00732,bombus pensylvanicus,r,8/13/2019,2,2,12564,n,r
KEB_00772,bombus pensylvanicus,c,8/14/2019,1,1,12674,y,l
KEB_00772,bombus pensylvanicus,c,8/14/2019,1,2,12696,y,l
KEB_00772,bombus pensylvanicus,c,8/14/2019,2,1,12718,n,r
KEB_00772,bombus pensylvanicus,c,8/14/2019,2,2,12740,n,r
KEB_00775,bombus pensylvanicus,c,8/14/2019,1,1,12762,y,l
KEB_00775,bombus pensylvanicus,c,8/14/2019,1,2,12784,y,l
KEB_00775,bombus pensylvanicus,c,8/14/2019,2,1,12806,n,r
KEB_00775,bombus pensylvanicus,c,8/14/2019,2,2,12828,n,r
KEB_00821,bombus pensylvanicus,r,8/16/2019,1,1,12850,y,l
KEB_00821,bombus pensylvanicus,r,8/16/2019,1,2,12872,y,l
KEB_00821,bombus pensylvanicus,r,8/16/2019,2,1,12894,n,r
KEB_00821,bombus pensylvanicus,r,8/16/2019,2,2,12916,n,r
KEB_00863,bombus pensylvanicus,r,8/16/2019,1,1,12938,y,l
KEB_00863,bombus pensylvanicus,r,8/16/2019,1,2,12960,y,l
KEB_00863,bombus pensylvanicus,r,8/16/2019,2,1,12982,n,r
KEB_00863,bombus pensylvanicus,r,8/16/2019,2,2,13004,n,r
KEB_00873,bombus pensylvanicus,c,8/29/2019,1,1,13114,y,l
KEB_00873,bombus pensylvanicus,c,8/29/2019,1,2,13136,y,l
KEB_00873,bombus pensylvanicus,c,8/29/2019,2,1,13158,n,r
KEB_00873,bombus pensylvanicus,c,8/29/2019,2,2,13180,n,r
KEB_00933,bombus pensylvanicus,r,9/2/2019,1,1,13202,y,l
KEB_00933,bombus pensylvanicus,r,9/2/2019,1,2,13224,y,l
KEB_00933,bombus pensylvanicus,r,9/2/2019,2,1,13246,n,r
KEB_00933,bombus pensylvanicus,r,9/2/2019,2,2,13268,n,r
KEB_00971,bombus pensylvanicus,c,9/13/2019,1,1,13290,y,l
KEB_00971,bombus pensylvanicus,c,9/13/2019,1,2,13312,y,l
KEB_00971,bombus pensylvanicus,c,9/13/2019,2,1,13334,y,r
KEB_00971,bombus pensylvanicus,c,9/13/2019,2,2,13356,y,r
KEB_00978,bombus pensylvanicus,c,9/13/2019,1,1,13378,y,l
KEB_00978,bombus pensylvanicus,c,9/13/2019,1,2,13400,y,l
KEB_00978,bombus pensylvanicus,c,9/13/2019,2,1,13422,n,r
KEB_00978,bombus pensylvanicus,c,9/13/2019,2,2,13444,n,r
KEB_00987,bombus pensylvanicus,c,9/13/2019,1,1,13466,y,l
KEB_00987,bombus pensylvanicus,c,9/13/2019,1,2,13488,y,l
KEB_00987,bombus pensylvanicus,c,9/13/2019,2,1,13510,n,r
KEB_00987,bombus pensylvanicus,c,9/13/2019,2,2,13532,n,r
KEB_00045,augochlora pura,r,6/20/2019,1,1,13642,y,l
KEB_00045,augochlora pura,r,6/20/2019,1,2,13664,y,l
KEB_00045,augochlora pura,r,6/20/2019,2,1,13686,n,r
KEB_00045,augochlora pura,r,6/20/2019,2,2,13708,n,r
KEB_00204,augochlorella striata,r,7/11/2019,1,1,13818,y,l
KEB_00204,augochlorella striata,r,7/11/2019,1,2,13840,y,l
KEB_00204,augochlorella striata,r,7/11/2019,2,1,13862,n,r
KEB_00204,augochlorella striata,r,7/11/2019,2,2,13884,n,r
KEB_00258,augochlorella striata,r,7/12/2019,1,1,13906,y,l
KEB_00258,augochlorella striata,r,7/12/2019,1,2,13928,y,l
KEB_00258,augochlorella striata,r,7/12/2019,2,1,13950,n,r
KEB_00258,augochlorella striata,r,7/12/2019,2,2,13972,n,r
KEB_00265,augochlorella striata,r,7/12/2019,1,1,13994,y,l
KEB_00265,augochlorella striata,r,7/12/2019,1,2,14016,y,l
KEB_00265,augochlorella striata,r,7/12/2019,2,1,14038,n,r
KEB_00265,augochlorella striata,r,7/12/2019,2,2,14060,n,r
KEB_00309,augochlorella striata,r,7/15/2019,1,1,14082,y,l
KEB_00309,augochlorella striata,r,7/15/2019,1,2,14104,y,l
KEB_00309,augochlorella striata,r,7/15/2019,2,1,14126,n,r
KEB_00309,augochlorella striata,r,7/15/2019,2,2,14148,n,r
KEB_00403,lasioglossum sp,r,7/19/2019,1,1,14170,n,l
KEB_00403,lasioglossum sp,r,7/19/2019,1,2,14192,n,l
KEB_00403,lasioglossum sp,r,7/19/2019,2,1,14214,n,r
KEB_00403,lasioglossum sp,r,7/19/2019,2,2,14236,n,r
KEB_00462,augochlorella striata,r,7/23/2019,1,1,14258,y,l
KEB_00462,augochlorella striata,r,7/23/2019,1,2,14280,y,l
KEB_00462,augochlorella striata,r,7/23/2019,2,1,14302,n,r
KEB_00462,augochlorella striata,r,7/23/2019,2,2,14324,n,r
KEB_00498,augochlora pura,c,7/25/2019,1,1,14346,n,l
KEB_00498,augochlora pura,c,7/25/2019,1,2,14368,n,l
KEB_00505,augochlorella striata,c,7/25/2019,1,1,14434,n,l
KEB_00505,augochlorella striata,c,7/25/2019,1,2,14456,n,l
KEB_00505,augochlorella striata,c,7/25/2019,2,1,14478,y,r
KEB_00505,augochlorella striata,c,7/25/2019,2,2,14500,y,r
KEB_00506,augochlorella striata,c,7/25/2019,1,1,14522,y,l
KEB_00506,augochlorella striata,c,7/25/2019,1,2,14544,y,l
KEB_00506,augochlorella striata,c,7/25/2019,2,1,14566,n,r
KEB_00506,augochlorella striata,c,7/25/2019,2,2,14588,n,r
KEB_00545,lasioglossum sp,r,7/26/2019,1,1,14786,n,l
KEB_00545,lasioglossum sp,r,7/26/2019,1,2,14808,n,l
KEB_00545,lasioglossum sp,r,7/26/2019,2,1,14830,n,r
KEB_00545,lasioglossum sp,r,7/26/2019,2,2,14852,n,r
KEB_00555,lasioglossum sp,r,7/26/2019,1,1,14874,y,l
KEB_00555,lasioglossum sp,r,7/26/2019,1,2,14896,y,l
KEB_00555,lasioglossum sp,r,7/26/2019,2,1,14918,n,r
KEB_00555,lasioglossum sp,r,7/26/2019,2,2,14940,n,r
KEB_00564,bombus pensylvanicus,r,7/26/2019,1,1,14962,y,l
KEB_00564,bombus pensylvanicus,r,7/26/2019,1,2,14984,y,l
KEB_00564,bombus pensylvanicus,r,7/26/2019,2,1,15006,n,r
KEB_00564,bombus pensylvanicus,r,7/26/2019,2,2,15028,n,r
KEB_00591,bombus pensylvanicus,r,7/29/2019,1,1,15226,y,l
KEB_00591,bombus pensylvanicus,r,7/29/2019,1,2,15248,y,l
KEB_00591,bombus pensylvanicus,r,7/29/2019,2,1,15270,n,r
KEB_00591,bombus pensylvanicus,r,7/29/2019,2,2,15292,n,r
KEB_00592,augochlorella striata,r,7/29/2019,1,1,15314,y,l
KEB_00592,augochlorella striata,r,7/29/2019,1,2,15336,y,l
KEB_00592,augochlorella striata,r,7/29/2019,2,1,15358,n,r
KEB_00592,augochlorella striata,r,7/29/2019,2,2,15380,n,r
KEB_00597,bombus pensylvanicus,r,7/29/2019,1,1,15402,y,l
KEB_00597,bombus pensylvanicus,r,7/29/2019,1,2,15424,y,l
KEB_00597,bombus pensylvanicus,r,7/29/2019,2,1,15446,n,r
KEB_00597,bombus pensylvanicus,r,7/29/2019,2,2,15468,n,r
KEB_00613,augochlorella striata,r,7/29/2019,1,1,15490,y,l
KEB_00613,augochlorella striata,r,7/29/2019,1,2,15512,y,l
KEB_00613,augochlorella striata,r,7/29/2019,2,1,15534,y,r
KEB_00613,augochlorella striata,r,7/29/2019,2,2,15556,y,r
KEB_00633,augochlorella striata,c,7/29/2019,1,1,15578,y,l
KEB_00633,augochlorella striata,c,7/29/2019,1,2,15600,y,l
KEB_00633,augochlorella striata,c,7/29/2019,2,1,15622,n,r
KEB_00633,augochlorella striata,c,7/29/2019,2,2,15644,n,r
KEB_00652,bombus pensylvanicus,r,7/29/2019,1,1,15666,y,l
KEB_00652,bombus pensylvanicus,r,7/29/2019,1,2,15688,y,l
KEB_00652,bombus pensylvanicus,r,7/29/2019,2,1,15710,n,r
KEB_00652,bombus pensylvanicus,r,7/29/2019,2,2,15732,n,r
KEB_00733,bombus pensylvanicus,r,8/13/2019,1,1,15842,y,l
KEB_00733,bombus pensylvanicus,r,8/13/2019,1,2,15864,y,l
KEB_00733,bombus pensylvanicus,r,8/13/2019,2,1,15886,n,r
KEB_00733,bombus pensylvanicus,r,8/13/2019,2,2,15908,n,r
KEB_00861,lasioglossum sp,r,8/16/2019,2,1,15974,n,r
KEB_00861,lasioglossum sp,r,8/16/2019,2,2,15996,n,r
KEB_00874,augochlorella striata,c,8/29/2019,2,1,16062,n,r
KEB_00874,augochlorella striata,c,8/29/2019,2,2,16084,n,r
KEB_00880,augochlorella striata,r,8/29/2019,1,1,16106,y,l
KEB_00880,augochlorella striata,r,8/29/2019,1,2,16128,y,l
KEB_00921,lasioglossum sp,c,9/2/2019,2,1,16238,n,r
KEB_00921,lasioglossum sp,c,9/2/2019,2,2,16260,n,r
KEB_00925,augochlora pura,c,9/2/2019,1,1,16282,y,l
KEB_00925,augochlora pura,c,9/2/2019,1,2,16304,y,l
KEB_00925,augochlora pura,c,9/2/2019,2,1,16326,n,r
KEB_00925,augochlora pura,c,9/2/2019,2,2,16348,n,r
KEB_00926,augochlora pura,c,9/2/2019,1,1,16370,n,l
KEB_00926,augochlora pura,c,9/2/2019,1,2,16392,n,l
KEB_00926,augochlora pura,c,9/2/2019,2,1,16414,n,r
KEB_00926,augochlora pura,c,9/2/2019,2,2,16436,n,r
KEB_00998,lasioglossum sp,c,9/20/2019,1,1,16458,n,l
KEB_00998,lasioglossum sp,c,9/20/2019,1,2,16480,n,l
KEB_00998,lasioglossum sp,c,9/20/2019,2,1,16502,y,r
KEB_00998,lasioglossum sp,c,9/20/2019,2,2,16524,y,r
KEB_01000,augochlorella striata,c,9/20/2019,1,1,16546,y,l
KEB_01000,augochlorella striata,c,9/20/2019,1,2,16568,y,l
KEB_01000,augochlorella striata,c,9/20/2019,2,1,16590,n,r
KEB_01000,augochlorella striata,c,9/20/2019,2,2,16612,n,r
KEB_00071,lasioglossum sp,c,6/28/2019,1,1,16634,y,l
KEB_00071,lasioglossum sp,c,6/28/2019,1,2,16656,y,l
KEB_00079,lasioglossum sp,c,6/28/2019,1,1,16722,y,l
KEB_00079,lasioglossum sp,c,6/28/2019,1,2,16744,y,l
KEB_00079,lasioglossum sp,c,6/28/2019,2,1,16766,y,r
KEB_00079,lasioglossum sp,c,6/28/2019,2,2,16788,y,r
KEB_00091,lasioglossum sp,c,7/1/2019,1,1,16898,n,l
KEB_00091,lasioglossum sp,c,7/1/2019,1,2,16920,n,l
KEB_00091,lasioglossum sp,c,7/1/2019,2,1,16942,n,r
KEB_00091,lasioglossum sp,c,7/1/2019,2,2,16964,n,r
KEB_00092,lasioglossum sp,c,7/1/2019,1,1,16986,y,l
KEB_00092,lasioglossum sp,c,7/1/2019,1,2,17008,y,l
KEB_00092,lasioglossum sp,c,7/1/2019,2,1,17030,y,r
KEB_00092,lasioglossum sp,c,7/1/2019,2,2,17052,y,r
KEB_00150,lasioglossum sp,r,7/2/2019,1,1,17074,y,l
KEB_00150,lasioglossum sp,r,7/2/2019,1,2,17096,y,l
KEB_00150,lasioglossum sp,r,7/2/2019,2,1,17118,y,r
KEB_00150,lasioglossum sp,r,7/2/2019,2,2,17140,y,r
KEB_00165,lasioglossum sp,c,7/2/2019,2,1,17294,y,r
KEB_00165,lasioglossum sp,c,7/2/2019,2,2,17316,y,r
KEB_00201,lasioglossum sp,r,7/11/2019,1,1,17426,n,l
KEB_00201,lasioglossum sp,r,7/11/2019,1,2,17448,n,l
KEB_00201,lasioglossum sp,r,7/11/2019,2,1,17470,y,r
KEB_00201,lasioglossum sp,r,7/11/2019,2,2,17492,y,r
KEB_00218,lasioglossum sp,r,7/11/2019,1,1,17514,n,l
KEB_00218,lasioglossum sp,r,7/11/2019,1,2,17536,n,l
KEB_00218,lasioglossum sp,r,7/11/2019,2,1,17558,y,r
KEB_00218,lasioglossum sp,r,7/11/2019,2,2,17580,y,r
KEB_00219,lasioglossum sp,r,7/11/2019,2,1,17646,n,r
KEB_00219,lasioglossum sp,r,7/11/2019,2,2,17668,n,r
KEB_00225,lasioglossum sp,r,7/11/2019,1,1,17690,n,l
KEB_00225,lasioglossum sp,r,7/11/2019,1,2,17712,n,l
KEB_00230,lasioglossum sp,r,7/12/2019,1,1,17778,y,l
KEB_00230,lasioglossum sp,r,7/12/2019,1,2,17800,y,l
KEB_00230,lasioglossum sp,r,7/12/2019,2,1,17822,y,r
KEB_00230,lasioglossum sp,r,7/12/2019,2,2,17844,y,r
KEB_00266,lasioglossum sp,r,7/12/2019,1,1,17866,n,l
KEB_00266,lasioglossum sp,r,7/12/2019,1,2,17888,n,l
KEB_00266,lasioglossum sp,r,7/12/2019,2,1,17910,n,r
KEB_00266,lasioglossum sp,r,7/12/2019,2,2,17932,n,r
KEB_00290,lasioglossum sp,c,7/15/2019,1,1,18042,n,l
KEB_00290,lasioglossum sp,c,7/15/2019,1,2,18064,n,l
KEB_00290,lasioglossum sp,c,7/15/2019,2,1,18086,n,r
KEB_00290,lasioglossum sp,c,7/15/2019,2,2,18108,n,r
KEB_00316,lasioglossum sp,c,7/16/2019,1,1,18130,y,l
KEB_00316,lasioglossum sp,c,7/16/2019,1,2,18152,y,l
KEB_00316,lasioglossum sp,c,7/16/2019,2,1,18174,n,r
KEB_00316,lasioglossum sp,c,7/16/2019,2,2,18196,n,r
KEB_00332,lasioglossum sp,c,7/16/2019,1,1,18218,n,l
KEB_00332,lasioglossum sp,c,7/16/2019,1,2,18240,n,l
KEB_00332,lasioglossum sp,c,7/16/2019,2,1,18262,n,r
KEB_00332,lasioglossum sp,c,7/16/2019,2,2,18284,n,r
KEB_00333,lasioglossum sp,c,7/16/2019,1,1,18306,y,l
KEB_00333,lasioglossum sp,c,7/16/2019,1,2,18328,y,l
KEB_00333,lasioglossum sp,c,7/16/2019,2,1,18350,n,r
KEB_00333,lasioglossum sp,c,7/16/2019,2,2,18372,n,r
KEB_00381,lasioglossum sp,r,7/18/2019,1,1,18394,y,l
KEB_00381,lasioglossum sp,r,7/18/2019,1,2,18416,y,l
KEB_00381,lasioglossum sp,r,7/18/2019,2,1,18438,n,r
KEB_00381,lasioglossum sp,r,7/18/2019,2,2,18460,n,r
KEB_00428,lasioglossum sp,r,7/19/2019,1,1,18482,y,l
KEB_00428,lasioglossum sp,r,7/19/2019,1,2,18504,y,l
KEB_00429,lasioglossum sp,r,7/19/2019,1,1,18570,y,l
KEB_00429,lasioglossum sp,r,7/19/2019,1,2,18592,y,l
KEB_00429,lasioglossum sp,r,7/19/2019,2,1,18614,n,r
KEB_00429,lasioglossum sp,r,7/19/2019,2,2,18636,n,r
KEB_00430,lasioglossum sp,r,7/19/2019,1,1,18658,y,l
KEB_00430,lasioglossum sp,r,7/19/2019,1,2,18680,y,l
KEB_00430,lasioglossum sp,r,7/19/2019,2,1,18702,n,r
KEB_00430,lasioglossum sp,r,7/19/2019,2,2,18724,n,r
KEB_00460,lasioglossum sp,r,7/23/2019,1,1,18746,y,l
KEB_00460,lasioglossum sp,r,7/23/2019,1,2,18768,y,l
KEB_00460,lasioglossum sp,r,7/23/2019,2,1,18790,n,r
KEB_00460,lasioglossum sp,r,7/23/2019,2,2,18812,n,r
KEB_00461,lasioglossum sp,r,7/23/2019,1,1,18834,y,l
KEB_00461,lasioglossum sp,r,7/23/2019,1,2,18856,y,l
KEB_00494,lasioglossum sp,c,7/25/2019,1,1,18922,n,l
KEB_00494,lasioglossum sp,c,7/25/2019,1,2,18944,n,l
KEB_00494,lasioglossum sp,c,7/25/2019,2,1,18966,n,r
KEB_00494,lasioglossum sp,c,7/25/2019,2,2,18988,n,r
KEB_00495,lasioglossum sp,c,7/25/2019,1,1,19010,y,l
KEB_00495,lasioglossum sp,c,7/25/2019,1,2,19032,y,l
KEB_00495,lasioglossum sp,c,7/25/2019,2,1,19054,n,r
KEB_00495,lasioglossum sp,c,7/25/2019,2,2,19076,n,r
KEB_00510,lasioglossum sp,c,7/25/2019,1,1,19098,y,l
KEB_00510,lasioglossum sp,c,7/25/2019,1,2,19120,y,l
KEB_00510,lasioglossum sp,c,7/25/2019,2,1,19142,n,r
KEB_00510,lasioglossum sp,c,7/25/2019,2,2,19164,n,r
KEB_00525,lasioglossum sp,r,7/25/2019,1,1,19186,n,l
KEB_00525,lasioglossum sp,r,7/25/2019,1,2,19208,n,l
KEB_00525,lasioglossum sp,r,7/25/2019,2,1,19230,y,r
KEB_00525,lasioglossum sp,r,7/25/2019,2,2,19252,y,r
KEB_00539,lasioglossum sp,c,7/26/2019,1,1,19274,y,l
KEB_00539,lasioglossum sp,c,7/26/2019,1,2,19296,y,l
KEB_00539,lasioglossum sp,c,7/26/2019,2,1,19318,n,r
KEB_00539,lasioglossum sp,c,7/26/2019,2,2,19340,n,r
KEB_00546,lasioglossum sp,r,7/26/2019,1,1,19362,y,l
KEB_00546,lasioglossum sp,r,7/26/2019,1,2,19384,y,l
KEB_00546,lasioglossum sp,r,7/26/2019,2,1,19406,n,r
KEB_00546,lasioglossum sp,r,7/26/2019,2,2,19428,n,r
KEB_00554,lasioglossum sp,r,7/26/2019,1,1,19450,y,l
KEB_00554,lasioglossum sp,r,7/26/2019,1,2,19472,y,l
KEB_00554,lasioglossum sp,r,7/26/2019,2,1,19494,n,r
KEB_00554,lasioglossum sp,r,7/26/2019,2,2,19516,n,r
KEB_00556,lasioglossum sp,r,7/26/2019,1,1,19538,n,l
KEB_00556,lasioglossum sp,r,7/26/2019,1,2,19560,n,l
KEB_00557,lasioglossum sp,r,7/26/2019,1,1,19626,y,l
KEB_00557,lasioglossum sp,r,7/26/2019,1,2,19648,y,l
KEB_00557,lasioglossum sp,r,7/26/2019,2,1,19670,n,r
KEB_00557,lasioglossum sp,r,7/26/2019,2,2,19692,n,r
KEB_00573,lasioglossum sp,r,7/26/2019,1,1,19802,n,l
KEB_00573,lasioglossum sp,r,7/26/2019,1,2,19824,n,l
KEB_00573,lasioglossum sp,r,7/26/2019,2,1,19846,y,r
KEB_00573,lasioglossum sp,r,7/26/2019,2,2,19868,y,r
KEB_00585,lasioglossum sp,r,7/26/2019,1,1,19890,y,l
KEB_00585,lasioglossum sp,r,7/26/2019,1,2,19912,y,l
KEB_00585,lasioglossum sp,r,7/26/2019,2,1,19934,n,r
KEB_00585,lasioglossum sp,r,7/26/2019,2,2,19956,n,r
KEB_00587,lasioglossum sp,r,7/26/2019,1,1,19978,y,l
KEB_00587,lasioglossum sp,r,7/26/2019,1,2,20000,y,l
KEB_00587,lasioglossum sp,r,7/26/2019,2,1,20022,n,r
KEB_00587,lasioglossum sp,r,7/26/2019,2,2,20044,n,r
KEB_00588,lasioglossum sp,r,7/26/2019,2,1,20110,n,r
KEB_00588,lasioglossum sp,r,7/26/2019,2,2,20132,n,r
KEB_00596,lasioglossum sp,r,7/29/2019,1,1,20242,y,l
KEB_00596,lasioglossum sp,r,7/29/2019,1,2,20264,y,l
KEB_00596,lasioglossum sp,r,7/29/2019,2,1,20286,n,r
KEB_00596,lasioglossum sp,r,7/29/2019,2,2,20308,n,r
KEB_00625,lasioglossum sp,c,7/29/2019,1,1,20330,y,l
KEB_00625,lasioglossum sp,c,7/29/2019,1,2,20352,y,l
KEB_00625,lasioglossum sp,c,7/29/2019,2,1,20374,n,r
KEB_00625,lasioglossum sp,c,7/29/2019,2,2,20396,n,r
KEB_00629,lasioglossum sp,c,7/29/2019,1,1,20418,n,l
KEB_00629,lasioglossum sp,c,7/29/2019,1,2,20440,n,l
KEB_00629,lasioglossum sp,c,7/29/2019,2,1,20462,n,r
KEB_00629,lasioglossum sp,c,7/29/2019,2,2,20484,n,r
KEB_00630,lasioglossum sp,c,7/29/2019,1,1,20506,y,l
KEB_00630,lasioglossum sp,c,7/29/2019,1,2,20528,y,l
KEB_00630,lasioglossum sp,c,7/29/2019,2,1,20550,y,r
KEB_00630,lasioglossum sp,c,7/29/2019,2,2,20572,y,r
KEB_00631,lasioglossum sp,c,7/29/2019,2,1,20638,y,r
KEB_00631,lasioglossum sp,c,7/29/2019,2,2,20660,y,r
KEB_00632,lasioglossum sp,c,7/29/2019,1,1,20682,y,l
KEB_00632,lasioglossum sp,c,7/29/2019,1,2,20704,y,l
KEB_00632,lasioglossum sp,c,7/29/2019,2,1,20726,y,r
KEB_00632,lasioglossum sp,c,7/29/2019,2,2,20748,y,r
KEB_00637,lasioglossum sp,c,7/29/2019,1,1,20770,y,l
KEB_00637,lasioglossum sp,c,7/29/2019,1,2,20792,y,l
KEB_00637,lasioglossum sp,c,7/29/2019,2,1,20814,n,r
KEB_00637,lasioglossum sp,c,7/29/2019,2,2,20836,n,r
KEB_00638,lasioglossum sp,c,7/29/2019,1,1,20858,y,l
KEB_00638,lasioglossum sp,c,7/29/2019,1,2,20880,y,l
KEB_00638,lasioglossum sp,c,7/29/2019,2,1,20902,y,r
KEB_00638,lasioglossum sp,c,7/29/2019,2,2,20924,y,r
KEB_00639,lasioglossum sp,c,7/29/2019,1,1,20946,n,l
KEB_00639,lasioglossum sp,c,7/29/2019,1,2,20968,n,l
KEB_00639,lasioglossum sp,c,7/29/2019,2,1,20990,y,r
KEB_00639,lasioglossum sp,c,7/29/2019,2,2,21012,y,r
KEB_00640,lasioglossum sp,c,7/29/2019,1,1,21034,y,l
KEB_00640,lasioglossum sp,c,7/29/2019,1,2,21056,y,l
KEB_00640,lasioglossum sp,c,7/29/2019,2,1,21078,y,r
KEB_00640,lasioglossum sp,c,7/29/2019,2,2,21100,y,r
KEB_00641,lasioglossum sp,c,7/29/2019,1,1,21210,y,l
KEB_00641,lasioglossum sp,c,7/29/2019,1,2,21232,y,l
KEB_00641,lasioglossum sp,c,7/29/2019,2,1,21254,n,r
KEB_00641,lasioglossum sp,c,7/29/2019,2,2,21276,n,r
KEB_00642,lasioglossum sp,c,7/29/2019,1,1,21298,y,l
KEB_00642,lasioglossum sp,c,7/29/2019,1,2,21320,y,l
KEB_00642,lasioglossum sp,c,7/29/2019,2,1,21342,n,r
KEB_00642,lasioglossum sp,c,7/29/2019,2,2,21364,n,r
KEB_00644,lasioglossum sp,c,7/29/2019,1,1,21386,n,l
KEB_00644,lasioglossum sp,c,7/29/2019,1,2,21408,n,l
KEB_00706,lasioglossum sp,c,8/13/2019,1,1,21562,y,l
KEB_00706,lasioglossum sp,c,8/13/2019,1,2,21584,y,l
KEB_00706,lasioglossum sp,c,8/13/2019,2,1,21606,n,r
KEB_00706,lasioglossum sp,c,8/13/2019,2,2,21628,n,r
KEB_00707,lasioglossum sp,c,8/13/2019,1,1,21650,y,l
KEB_00707,lasioglossum sp,c,8/13/2019,1,2,21672,y,l
KEB_00707,lasioglossum sp,c,8/13/2019,2,1,21694,y,r
KEB_00707,lasioglossum sp,c,8/13/2019,2,2,21716,y,r
KEB_00709,lasioglossum sp,c,8/13/2019,2,1,21782,n,r
KEB_00709,lasioglossum sp,c,8/13/2019,2,2,21804,n,r
KEB_00744,lasioglossum sp,r,8/13/2019,1,1,21826,n,l
KEB_00744,lasioglossum sp,r,8/13/2019,1,2,21848,n,l
KEB_00744,lasioglossum sp,r,8/13/2019,2,1,21870,y,r
KEB_00744,lasioglossum sp,r,8/13/2019,2,2,21892,y,r
KEB_00790,lasioglossum sp,c,8/15/2019,1,1,21914,y,l
KEB_00790,lasioglossum sp,c,8/15/2019,1,2,21936,y,l
KEB_00794,lasioglossum sp,c,8/15/2019,1,1,22002,n,l
KEB_00794,lasioglossum sp,c,8/15/2019,1,2,22024,n,l
KEB_00794,lasioglossum sp,c,8/15/2019,2,1,22046,y,r
KEB_00794,lasioglossum sp,c,8/15/2019,2,2,22068,y,r
KEB_00804,lasioglossum sp,c,8/15/2019,1,1,22090,y,l
KEB_00804,lasioglossum sp,c,8/15/2019,1,2,22112,y,l
KEB_00804,lasioglossum sp,c,8/15/2019,2,1,22134,n,r
KEB_00804,lasioglossum sp,c,8/15/2019,2,2,22156,n,r
KEB_00805,lasioglossum sp,c,8/15/2019,2,1,22222,n,r
KEB_00805,lasioglossum sp,c,8/15/2019,2,2,22244,n,r
KEB_00806,lasioglossum sp,c,8/15/2019,1,1,22266,n,l
KEB_00806,lasioglossum sp,c,8/15/2019,1,2,22288,n,l
KEB_00806,lasioglossum sp,c,8/15/2019,2,1,22310,y,r
KEB_00806,lasioglossum sp,c,8/15/2019,2,2,22332,y,r
KEB_00859,lasioglossum sp,r,8/16/2019,1,1,22354,y,l
KEB_00859,lasioglossum sp,r,8/16/2019,1,2,22376,y,l
KEB_00859,lasioglossum sp,r,8/16/2019,2,1,22398,y,r
KEB_00859,lasioglossum sp,r,8/16/2019,2,2,22420,y,r
KEB_00931,lasioglossum sp,c,9/2/2019,1,1,22442,n,l
KEB_00931,lasioglossum sp,c,9/2/2019,1,2,22464,n,l
KEB_00931,lasioglossum sp,c,9/2/2019,2,1,22486,y,r
KEB_00931,lasioglossum sp,c,9/2/2019,2,2,22508,y,r
KEB_00946,lasioglossum sp,c,9/13/2019,1,1,22530,y,l
KEB_00946,lasioglossum sp,c,9/13/2019,1,2,22552,y,l
KEB_00946,lasioglossum sp,c,9/13/2019,2,1,22574,n,r
KEB_00946,lasioglossum sp,c,9/13/2019,2,2,22596,n,r
KEB_00994,lasioglossum sp,r,9/20/2019,1,1,22618,y,l
KEB_00994,lasioglossum sp,r,9/20/2019,1,2,22640,y,l
KEB_00994,lasioglossum sp,r,9/20/2019,2,1,22662,n,r
KEB_00994,lasioglossum sp,r,9/20/2019,2,2,22684,n,r
KEB_01001,lasioglossum sp,c,9/20/2019,1,1,22706,y,l
KEB_01001,lasioglossum sp,c,9/20/2019,1,2,22728,y,l
KEB_01001,lasioglossum sp,c,9/20/2019,2,1,22750,n,r
KEB_01001,lasioglossum sp,c,9/20/2019,2,2,22772,n,r
KEB_01002,lasioglossum sp,c,9/20/2019,1,1,22794,y,l
KEB_01002,lasioglossum sp,c,9/20/2019,1,2,22816,y,l
KEB_01002,lasioglossum sp,c,9/20/2019,2,1,22838,n,r
KEB_01002,lasioglossum sp,c,9/20/2019,2,2,22860,n,r
KEB_00334,bombus griseocollis,r,7/16/2019,1,1,28338,y,l
KEB_00334,bombus griseocollis,r,7/16/2019,1,2,28360,y,l
KEB_00334,bombus griseocollis,r,7/16/2019,2,1,28382,n,r
KEB_00334,bombus griseocollis,r,7/16/2019,2,2,28404,n,r
KEB_00419,bombus impatiens,r,7/19/2019,1,1,28426,y,l
KEB_00419,bombus impatiens,r,7/19/2019,1,2,28448,y,l
KEB_00419,bombus impatiens,r,7/19/2019,2,1,28470,n,r
KEB_00419,bombus impatiens,r,7/19/2019,2,2,28492,n,r
KEB_00467,bombus griseocollis,r,7/23/2019,1,1,28514,y,l
KEB_00467,bombus griseocollis,r,7/23/2019,1,2,28536,y,l
KEB_00467,bombus griseocollis,r,7/23/2019,2,1,28558,n,r
KEB_00467,bombus griseocollis,r,7/23/2019,2,2,28580,n,r
KEB_00698,melissodes bimaculatus,r,8/9/2019,1,1,28690,y,l
KEB_00698,melissodes bimaculatus,r,8/9/2019,1,2,28712,y,l
KEB_00698,melissodes bimaculatus,r,8/9/2019,2,1,28734,n,r
KEB_00698,melissodes bimaculatus,r,8/9/2019,2,2,28756,n,r
KEB_00741,bombus bimaculatus,r,8/13/2019,1,1,28778,y,l
KEB_00741,bombus bimaculatus,r,8/13/2019,1,2,28800,y,l
KEB_00741,bombus bimaculatus,r,8/13/2019,2,1,28822,n,r
KEB_00741,bombus bimaculatus,r,8/13/2019,2,2,28844,n,r
KEB_00742,bombus bimaculatus,r,8/13/2019,1,1,28866,y,l
KEB_00742,bombus bimaculatus,r,8/13/2019,1,2,28888,y,l
KEB_00742,bombus bimaculatus,r,8/13/2019,2,1,28910,n,r
KEB_00742,bombus bimaculatus,r,8/13/2019,2,2,28932,n,r
KEB_00870,bombus impatiens,c,8/29/2019,1,1,29042,y,l
KEB_00870,bombus impatiens,c,8/29/2019,1,2,29064,y,l
KEB_00870,bombus impatiens,c,8/29/2019,2,1,29086,n,r
KEB_00870,bombus impatiens,c,8/29/2019,2,2,29108,n,r
KEB_00876,bombus bimaculatus,r,8/29/2019,1,1,29130,y,l
KEB_00876,bombus bimaculatus,r,8/29/2019,1,2,29152,y,l
KEB_00876,bombus bimaculatus,r,8/29/2019,2,1,29174,n,r
KEB_00876,bombus bimaculatus,r,8/29/2019,2,2,29196,n,r
KEB_00511,melissodes denticulatus,r,7/25/2019,1,1,29306,y,l
KEB_00511,melissodes denticulatus,r,7/25/2019,1,2,29328,y,l
KEB_00511,melissodes denticulatus,r,7/25/2019,2,1,29350,n,r
KEB_00511,melissodes denticulatus,r,7/25/2019,2,2,29372,n,r
KEB_00136,melissodes denticulatus,c,7/2/2019,1,1,29394,y,l
KEB_00136,melissodes denticulatus,c,7/2/2019,1,2,29416,y,l
KEB_00136,melissodes denticulatus,c,7/2/2019,2,1,29438,n,r
KEB_00136,melissodes denticulatus,c,7/2/2019,2,2,29460,n,r
KEB_00155,melissodes denticulatus,r,7/2/2019,1,1,29482,n,l
KEB_00155,melissodes denticulatus,r,7/2/2019,1,2,29504,n,l
KEB_00155,melissodes denticulatus,r,7/2/2019,2,1,29526,n,r
KEB_00155,melissodes denticulatus,r,7/2/2019,2,2,29548,n,r
KEB_00199,melissodes denticulatus,r,7/11/2019,1,1,29570,y,l
KEB_00199,melissodes denticulatus,r,7/11/2019,1,2,29592,y,l
KEB_00199,melissodes denticulatus,r,7/11/2019,2,1,29614,n,r
KEB_00199,melissodes denticulatus,r,7/11/2019,2,2,29636,n,r
KEB_00220,melissodes denticulatus,r,7/11/2019,1,1,29658,y,l
KEB_00220,melissodes denticulatus,r,7/11/2019,1,2,29680,y,l
KEB_00220,melissodes denticulatus,r,7/11/2019,2,1,29702,y,r
KEB_00220,melissodes denticulatus,r,7/11/2019,2,2,29724,y,r
KEB_00223,melissodes denticulatus,r,7/11/2019,1,1,29746,y,l
KEB_00223,melissodes denticulatus,r,7/11/2019,1,2,29768,y,l
KEB_00223,melissodes denticulatus,r,7/11/2019,2,1,29790,n,r
KEB_00223,melissodes denticulatus,r,7/11/2019,2,2,29812,n,r
KEB_00224,melissodes denticulatus,r,7/11/2019,1,1,29834,n,l
KEB_00224,melissodes denticulatus,r,7/11/2019,1,2,29856,n,l
KEB_00224,melissodes denticulatus,r,7/11/2019,2,1,29878,n,r
KEB_00224,melissodes denticulatus,r,7/11/2019,2,2,29900,n,r
KEB_00235,melissodes denticulatus,r,7/12/2019,1,1,29922,y,l
KEB_00235,melissodes denticulatus,r,7/12/2019,1,2,29944,y,l
KEB_00235,melissodes denticulatus,r,7/12/2019,2,1,29966,n,r
KEB_00235,melissodes denticulatus,r,7/12/2019,2,2,29988,n,r
KEB_00236,melissodes denticulatus,r,7/12/2019,1,1,30010,y,l
KEB_00236,melissodes denticulatus,r,7/12/2019,1,2,30032,y,l
KEB_00236,melissodes denticulatus,r,7/12/2019,2,1,30054,n,r
KEB_00236,melissodes denticulatus,r,7/12/2019,2,2,30076,n,r
KEB_00323,melissodes denticulatus,r,7/16/2019,1,1,30098,n,l
KEB_00323,melissodes denticulatus,r,7/16/2019,1,2,30120,n,l
KEB_00323,melissodes denticulatus,r,7/16/2019,2,1,30142,y,r
KEB_00323,melissodes denticulatus,r,7/16/2019,2,2,30164,y,r
KEB_00324,melissodes denticulatus,r,7/16/2019,1,1,30186,n,l
KEB_00324,melissodes denticulatus,r,7/16/2019,1,2,30208,n,l
KEB_00324,melissodes denticulatus,r,7/16/2019,2,1,30230,n,r
KEB_00324,melissodes denticulatus,r,7/16/2019,2,2,30252,n,r
KEB_00370,melissodes denticulatus,r,7/17/2019,1,1,30274,y,l
KEB_00370,melissodes denticulatus,r,7/17/2019,1,2,30296,y,l
KEB_00370,melissodes denticulatus,r,7/17/2019,2,1,30318,y,r
KEB_00370,melissodes denticulatus,r,7/17/2019,2,2,30340,y,r
KEB_00405,melissodes denticulatus,r,7/19/2019,1,1,30362,y,l
KEB_00405,melissodes denticulatus,r,7/19/2019,1,2,30384,y,l
KEB_00405,melissodes denticulatus,r,7/19/2019,2,1,30406,n,r
KEB_00405,melissodes denticulatus,r,7/19/2019,2,2,30428,n,r
KEB_00406,melissodes denticulatus,r,7/19/2019,1,1,30450,y,l
KEB_00406,melissodes denticulatus,r,7/19/2019,1,2,30472,y,l
KEB_00406,melissodes denticulatus,r,7/19/2019,2,1,30494,n,r
KEB_00406,melissodes denticulatus,r,7/19/2019,2,2,30516,n,r
KEB_00407,melissodes denticulatus,r,7/19/2019,1,1,30538,y,l
KEB_00407,melissodes denticulatus,r,7/19/2019,1,2,30560,y,l
KEB_00407,melissodes denticulatus,r,7/19/2019,2,1,30582,n,r
KEB_00407,melissodes denticulatus,r,7/19/2019,2,2,30604,n,r
KEB_00448,melissodes denticulatus,r,7/23/2019,1,1,30626,n,l
KEB_00448,melissodes denticulatus,r,7/23/2019,1,2,30648,n,l
KEB_00448,melissodes denticulatus,r,7/23/2019,2,1,30670,y,r
KEB_00448,melissodes denticulatus,r,7/23/2019,2,2,30692,y,r
KEB_00512,melissodes denticulatus,r,7/25/2019,1,1,30714,n,l
KEB_00512,melissodes denticulatus,r,7/25/2019,1,2,30736,n,l
KEB_00512,melissodes denticulatus,r,7/25/2019,2,1,30758,y,r
KEB_00512,melissodes denticulatus,r,7/25/2019,2,2,30780,y,r
KEB_00530,melissodes denticulatus,r,7/25/2019,1,1,30802,y,l
KEB_00530,melissodes denticulatus,r,7/25/2019,1,2,30824,y,l
KEB_00530,melissodes denticulatus,r,7/25/2019,2,1,30846,n,r
KEB_00530,melissodes denticulatus,r,7/25/2019,2,2,30868,n,r
KEB_00551,melissodes trinodis,r,7/26/2019,1,1,30890,n,l
KEB_00551,melissodes trinodis,r,7/26/2019,1,2,30912,n,l
KEB_00551,melissodes trinodis,r,7/26/2019,2,1,30934,n,r
KEB_00551,melissodes trinodis,r,7/26/2019,2,2,30956,n,r
KEB_00569,melissodes denticulatus,r,7/26/2019,1,1,30978,y,l
KEB_00569,melissodes denticulatus,r,7/26/2019,1,2,31000,y,l
KEB_00569,melissodes denticulatus,r,7/26/2019,2,1,31022,y,r
KEB_00569,melissodes denticulatus,r,7/26/2019,2,2,31044,y,r
KEB_00574,melissodes denticulatus,r,7/26/2019,1,1,31066,n,l
KEB_00574,melissodes denticulatus,r,7/26/2019,1,2,31088,n,l
KEB_00574,melissodes denticulatus,r,7/26/2019,2,1,31110,y,r
KEB_00574,melissodes denticulatus,r,7/26/2019,2,2,31132,y,r
KEB_00593,melissodes denticulatus,r,7/29/2019,1,1,31154,n,l
KEB_00593,melissodes denticulatus,r,7/29/2019,1,2,31176,n,l
KEB_00593,melissodes denticulatus,r,7/29/2019,2,1,31198,n,r
KEB_00593,melissodes denticulatus,r,7/29/2019,2,2,31220,n,r
KEB_00595,melissodes trinodis,r,7/29/2019,1,1,31242,n,l
KEB_00595,melissodes trinodis,r,7/29/2019,1,2,31264,n,l
KEB_00595,melissodes trinodis,r,7/29/2019,2,1,31286,n,r
KEB_00595,melissodes trinodis,r,7/29/2019,2,2,31308,n,r
KEB_00655,melissodes denticulatus,r,8/9/2019,1,1,31330,n,l
KEB_00655,melissodes denticulatus,r,8/9/2019,1,2,31352,n,l
KEB_00655,melissodes denticulatus,r,8/9/2019,2,1,31374,y,r
KEB_00655,melissodes denticulatus,r,8/9/2019,2,2,31396,y,r
KEB_00659,melissodes denticulatus,r,8/9/2019,1,1,31418,y,l
KEB_00659,melissodes denticulatus,r,8/9/2019,1,2,31440,y,l
KEB_00659,melissodes denticulatus,r,8/9/2019,2,1,31462,n,r
KEB_00659,melissodes denticulatus,r,8/9/2019,2,2,31484,n,r
KEB_00671,melissodes denticulatus,r,8/9/2019,1,1,31506,y,l
KEB_00671,melissodes denticulatus,r,8/9/2019,1,2,31528,y,l
KEB_00671,melissodes denticulatus,r,8/9/2019,2,1,31550,n,r
KEB_00671,melissodes denticulatus,r,8/9/2019,2,2,31572,n,r
KEB_00672,melissodes denticulatus,r,8/9/2019,1,1,31594,y,l
KEB_00672,melissodes denticulatus,r,8/9/2019,1,2,31616,y,l
KEB_00672,melissodes denticulatus,r,8/9/2019,2,1,31638,n,r
KEB_00672,melissodes denticulatus,r,8/9/2019,2,2,31660,n,r
KEB_00721,melissodes denticulatus,r,8/13/2019,1,1,31682,y,l
KEB_00721,melissodes denticulatus,r,8/13/2019,1,2,31704,y,l
KEB_00721,melissodes denticulatus,r,8/13/2019,2,1,31726,n,r
KEB_00721,melissodes denticulatus,r,8/13/2019,2,2,31748,n,r
KEB_00722,melissodes trinodis,r,8/13/2019,1,1,31770,n,l
KEB_00722,melissodes trinodis,r,8/13/2019,1,2,31792,n,l
KEB_00722,melissodes trinodis,r,8/13/2019,2,1,31814,n,r
KEB_00722,melissodes trinodis,r,8/13/2019,2,2,31836,n,r
KEB_00783,melissodes denticulatus,r,8/15/2019,1,1,31858,y,l
KEB_00783,melissodes denticulatus,r,8/15/2019,1,2,31880,y,l
KEB_00783,melissodes denticulatus,r,8/15/2019,2,1,31902,n,r
KEB_00783,melissodes denticulatus,r,8/15/2019,2,2,31924,n,r
KEB_00812,melissodes denticulatus,r,8/16/2019,1,1,31946,y,l
KEB_00812,melissodes denticulatus,r,8/16/2019,1,2,31968,y,l
KEB_00812,melissodes denticulatus,r,8/16/2019,2,1,31989,y,r
KEB_00812,melissodes denticulatus,r,8/16/2019,2,2,32011,y,r
KEB_00823,melissodes denticulatus,r,8/16/2019,1,1,32033,y,l
KEB_00823,melissodes denticulatus,r,8/16/2019,1,2,32055,y,l
KEB_00823,melissodes denticulatus,r,8/16/2019,2,1,32077,n,r
KEB_00823,melissodes denticulatus,r,8/16/2019,2,2,32099,n,r
KEB_00824,melissodes denticulatus,r,8/16/2019,1,1,32121,n,l
KEB_00824,melissodes denticulatus,r,8/16/2019,1,2,32143,n,l
KEB_00824,melissodes denticulatus,r,8/16/2019,2,1,32165,n,r
KEB_00824,melissodes denticulatus,r,8/16/2019,2,2,32187,n,r
KEB_00826,melissodes trinodis,r,8/16/2019,1,1,32209,y,l
KEB_00826,melissodes trinodis,r,8/16/2019,1,2,32231,y,l
KEB_00826,melissodes trinodis,r,8/16/2019,2,1,32253,y,r
KEB_00826,melissodes trinodis,r,8/16/2019,2,2,32275,y,r
KEB_00843,melissodes trinodis,r,8/16/2019,1,1,32297,y,l
KEB_00843,melissodes trinodis,r,8/16/2019,1,2,32319,y,l
KEB_00843,melissodes trinodis,r,8/16/2019,2,1,32341,n,r
KEB_00843,melissodes trinodis,r,8/16/2019,2,2,32363,n,r
KEB_00848,melissodes trinodis,r,8/16/2019,1,1,32385,n,l
KEB_00848,melissodes trinodis,r,8/16/2019,1,2,32407,n,l
KEB_00848,melissodes trinodis,r,8/16/2019,2,1,32429,n,r
KEB_00848,melissodes trinodis,r,8/16/2019,2,2,32451,n,r
KEB_00885,melissodes trinodis,c,8/30/2019,1,1,32473,n,l
KEB_00885,melissodes trinodis,c,8/30/2019,1,2,32495,n,l
KEB_00885,melissodes trinodis,c,8/30/2019,2,1,32517,n,r
KEB_00885,melissodes trinodis,c,8/30/2019,2,2,32539,n,r
KEB_00886,melissodes trinodis,c,8/30/2019,1,1,32561,y,l
KEB_00886,melissodes trinodis,c,8/30/2019,1,2,32583,y,l
KEB_00886,melissodes trinodis,c,8/30/2019,2,1,32605,n,r
KEB_00886,melissodes trinodis,c,8/30/2019,2,2,32627,n,r
KEB_00887,melissodes trinodis,c,8/30/2019,1,1,32649,y,l
KEB_00887,melissodes trinodis,c,8/30/2019,1,2,32671,y,l
KEB_00887,melissodes trinodis,c,8/30/2019,2,1,32693,y,r
KEB_00887,melissodes trinodis,c,8/30/2019,2,2,32715,y,r
KEB_00898,melissodes trinodis,r,8/30/2019,1,1,32737,n,l
KEB_00898,melissodes trinodis,r,8/30/2019,1,2,32759,n,l
KEB_00898,melissodes trinodis,r,8/30/2019,2,1,32781,y,r
KEB_00898,melissodes trinodis,r,8/30/2019,2,2,32803,y,r
KEB_00914,melissodes trinodis,r,8/30/2019,1,1,32825,y,l
KEB_00914,melissodes trinodis,r,8/30/2019,1,2,32847,y,l
KEB_00914,melissodes trinodis,r,8/30/2019,2,1,32869,n,r
KEB_00914,melissodes trinodis,r,8/30/2019,2,2,32891,n,r
KEB_00940,melissodes trinodis,r,9/2/2019,1,1,32913,y,l
KEB_00940,melissodes trinodis,r,9/2/2019,1,2,32935,y,l
KEB_00940,melissodes trinodis,r,9/2/2019,2,1,32957,n,r
KEB_00940,melissodes trinodis,r,9/2/2019,2,2,32979,n,r
KEB_00956,melissodes trinodis,r,9/13/2019,1,1,33001,y,l
KEB_00956,melissodes trinodis,r,9/13/2019,1,2,33023,y,l
KEB_00956,melissodes trinodis,r,9/13/2019,2,1,33045,n,r
KEB_00956,melissodes trinodis,r,9/13/2019,2,2,33067,n,r
KEB_00962,melissodes trinodis,r,9/13/2019,1,1,33089,n,l
KEB_00962,melissodes trinodis,r,9/13/2019,1,2,33111,n,l
KEB_00962,melissodes trinodis,r,9/13/2019,2,1,33133,y,r
KEB_00962,melissodes trinodis,r,9/13/2019,2,2,33155,y,r
KEB_00425,bombus griseocollis,r,7/19/2019,1,1,33265,y,l
KEB_00425,bombus griseocollis,r,7/19/2019,1,2,33287,y,l
KEB_00425,bombus griseocollis,r,7/19/2019,2,1,33309,n,r
KEB_00425,bombus griseocollis,r,7/19/2019,2,2,33331,n,r
KEB_00504,bombus bimaculatus,c,7/25/2019,1,1,33353,y,l
KEB_00504,bombus bimaculatus,c,7/25/2019,1,2,33375,y,l
KEB_00504,bombus bimaculatus,c,7/25/2019,2,1,33397,n,r
KEB_00504,bombus bimaculatus,c,7/25/2019,2,2,33419,n,r
KEB_00521,bombus bimaculatus,r,7/25/2019,1,1,33441,y,l
KEB_00521,bombus bimaculatus,r,7/25/2019,1,2,33463,y,l
KEB_00521,bombus bimaculatus,r,7/25/2019,2,1,33485,n,r
KEB_00521,bombus bimaculatus,r,7/25/2019,2,2,33507,n,r
KEB_00522,bombus bimaculatus,r,7/25/2019,1,1,33529,y,l
KEB_00522,bombus bimaculatus,r,7/25/2019,1,2,33551,y,l
KEB_00522,bombus bimaculatus,r,7/25/2019,2,1,33573,n,r
KEB_00522,bombus bimaculatus,r,7/25/2019,2,2,33595,n,r
KEB_00571,bombus bimaculatus,r,7/26/2019,1,1,33617,y,l
KEB_00571,bombus bimaculatus,r,7/26/2019,1,2,33639,y,l
KEB_00571,bombus bimaculatus,r,7/26/2019,2,1,33661,n,r
KEB_00571,bombus bimaculatus,r,7/26/2019,2,2,33683,n,r
KEB_00581,bombus griseocollis,r,7/26/2019,1,1,33705,y,l
KEB_00581,bombus griseocollis,r,7/26/2019,1,2,33727,y,l
KEB_00581,bombus griseocollis,r,7/26/2019,2,1,33749,n,r
KEB_00581,bombus griseocollis,r,7/26/2019,2,2,33771,n,r
KEB_00718,bombus bimaculatus,r,8/13/2019,1,1,33881,y,l
KEB_00718,bombus bimaculatus,r,8/13/2019,1,2,33903,y,l
KEB_00718,bombus bimaculatus,r,8/13/2019,2,1,33925,n,r
KEB_00718,bombus bimaculatus,r,8/13/2019,2,2,33947,n,r
KEB_00728,bombus griseocollis,r,8/13/2019,1,1,33969,y,l
KEB_00728,bombus griseocollis,r,8/13/2019,1,2,33991,y,l
KEB_00728,bombus griseocollis,r,8/13/2019,2,1,34013,n,r
KEB_00728,bombus griseocollis,r,8/13/2019,2,2,34035,n,r
KEB_00752,bombus bimaculatus,r,8/13/2019,1,1,34233,y,l
KEB_00752,bombus bimaculatus,r,8/13/2019,1,2,34255,y,l
KEB_00752,bombus bimaculatus,r,8/13/2019,2,1,34277,n,r
KEB_00752,bombus bimaculatus,r,8/13/2019,2,2,34299,n,r
KEB_00774,bombus impatiens,c,8/14/2019,1,1,34321,y,l
KEB_00774,bombus impatiens,c,8/14/2019,1,2,34343,y,l
KEB_00774,bombus impatiens,c,8/14/2019,2,1,34365,n,r
KEB_00774,bombus impatiens,c,8/14/2019,2,2,34387,n,r
KEB_00779,bombus bimaculatus,c,8/14/2019,1,1,34409,y,l
KEB_00779,bombus bimaculatus,c,8/14/2019,1,2,34431,y,l
KEB_00779,bombus bimaculatus,c,8/14/2019,2,1,34453,n,r
KEB_00779,bombus bimaculatus,c,8/14/2019,2,2,34475,n,r
KEB_00814,bombus bimaculatus,r,8/16/2019,1,1,34497,y,l
KEB_00814,bombus bimaculatus,r,8/16/2019,1,2,34519,y,l
KEB_00814,bombus bimaculatus,r,8/16/2019,2,1,34541,n,r
KEB_00814,bombus bimaculatus,r,8/16/2019,2,2,34563,n,r
KEB_01007,bombus impatiens,r,9/20/2019,1,1,34585,y,l
KEB_01007,bombus impatiens,r,9/20/2019,1,2,34607,y,l
KEB_01007,bombus impatiens,r,9/20/2019,2,1,34629,n,r
KEB_01007,bombus impatiens,r,9/20/2019,2,2,34651,n,r
KEB_00818,bombus bimaculatus,r,8/16/2019,1,1,34761,y,l
KEB_00818,bombus bimaculatus,r,8/16/2019,1,2,34783,y,l
KEB_00818,bombus bimaculatus,r,8/16/2019,2,1,34805,n,r
KEB_00818,bombus bimaculatus,r,8/16/2019,2,2,34827,n,r
KEB_00842,bombus bimaculatus,r,8/16/2019,1,1,34849,y,l
KEB_00842,bombus bimaculatus,r,8/16/2019,1,2,34871,y,l
KEB_00842,bombus bimaculatus,r,8/16/2019,2,1,34893,n,r
KEB_00842,bombus bimaculatus,r,8/16/2019,2,2,34915,n,r
KEB_00846,bombus bimaculatus,r,8/16/2019,1,1,34937,y,l
KEB_00846,bombus bimaculatus,r,8/16/2019,1,2,34959,y,l
KEB_00846,bombus bimaculatus,r,8/16/2019,2,1,34981,n,r
KEB_00846,bombus bimaculatus,r,8/16/2019,2,2,35003,n,r
KEB_00864,bombus bimaculatus,r,8/16/2019,1,1,35025,y,l
KEB_00864,bombus bimaculatus,r,8/16/2019,1,2,35047,y,l
KEB_00864,bombus bimaculatus,r,8/16/2019,2,1,35069,n,r
KEB_00864,bombus bimaculatus,r,8/16/2019,2,2,35091,n,r
KEB_00867,bombus bimaculatus,r,8/16/2019,1,1,35113,y,l
KEB_00867,bombus bimaculatus,r,8/16/2019,1,2,35135,y,l
KEB_00867,bombus bimaculatus,r,8/16/2019,2,1,35157,n,r
KEB_00867,bombus bimaculatus,r,8/16/2019,2,2,35179,n,r
KEB_00868,bombus bimaculatus,r,8/16/2019,1,1,35201,y,l
KEB_00868,bombus bimaculatus,r,8/16/2019,1,2,35223,y,l
KEB_00868,bombus bimaculatus,r,8/16/2019,2,1,35245,n,r
KEB_00868,bombus bimaculatus,r,8/16/2019,2,2,35267,n,r
KEB_00888,bombus bimaculatus,c,8/30/2019,1,1,35465,y,l
KEB_00888,bombus bimaculatus,c,8/30/2019,1,2,35487,y,l
KEB_00888,bombus bimaculatus,c,8/30/2019,2,1,35509,n,r
KEB_00888,bombus bimaculatus,c,8/30/2019,2,2,35531,n,r
KEB_00894,bombus bimaculatus,r,8/30/2019,1,1,35553,y,l
KEB_00894,bombus bimaculatus,r,8/30/2019,1,2,35575,y,l
KEB_00894,bombus bimaculatus,r,8/30/2019,2,1,35597,n,r
KEB_00894,bombus bimaculatus,r,8/30/2019,2,2,35619,n,r
KEB_00916,bombus bimaculatus,r,8/30/2019,1,1,35641,y,l
KEB_00916,bombus bimaculatus,r,8/30/2019,1,2,35663,y,l
KEB_00916,bombus bimaculatus,r,8/30/2019,2,1,35685,n,r
KEB_00916,bombus bimaculatus,r,8/30/2019,2,2,35707,n,r
KEB_00919,bombus bimaculatus,r,8/30/2019,1,1,35729,y,l
KEB_00919,bombus bimaculatus,r,8/30/2019,1,2,35751,y,l
KEB_00919,bombus bimaculatus,r,8/30/2019,2,1,35773,n,r
KEB_00919,bombus bimaculatus,r,8/30/2019,2,2,35795,n,r
KEB_00960,bombus impatiens,r,9/13/2019,1,1,35817,y,l
KEB_00960,bombus impatiens,r,9/13/2019,1,2,35839,y,l
KEB_00960,bombus impatiens,r,9/13/2019,2,1,35861,n,r
KEB_00960,bombus impatiens,r,9/13/2019,2,2,35883,n,r
KEB_01006,bombus impatiens,r,9/20/2019,1,1,35905,y,l
KEB_01006,bombus impatiens,r,9/20/2019,1,2,35927,y,l
KEB_01006,bombus impatiens,r,9/20/2019,2,1,35949,n,r
KEB_01006,bombus impatiens,r,9/20/2019,2,2,35971,n,r
KEB_00318,bombus griseocollis,r,7/16/2019,1,1,35993,y,l
KEB_00318,bombus griseocollis,r,7/16/2019,1,2,36015,y,l
KEB_00318,bombus griseocollis,r,7/16/2019,2,1,36037,n,r
KEB_00318,bombus griseocollis,r,7/16/2019,2,2,36059,n,r
KEB_00319,bombus griseocollis,r,7/16/2019,1,1,36081,y,l
KEB_00319,bombus griseocollis,r,7/16/2019,1,2,36103,y,l
KEB_00319,bombus griseocollis,r,7/16/2019,2,1,36125,n,r
KEB_00319,bombus griseocollis,r,7/16/2019,2,2,36147,n,r
KEB_00320,bombus griseocollis,r,7/16/2019,1,1,36169,y,l
KEB_00320,bombus griseocollis,r,7/16/2019,1,2,36191,y,l
KEB_00320,bombus griseocollis,r,7/16/2019,2,1,36213,n,r
KEB_00320,bombus griseocollis,r,7/16/2019,2,2,36235,n,r
KEB_00335,bombus griseocollis,r,7/16/2019,1,1,36257,y,l
KEB_00335,bombus griseocollis,r,7/16/2019,1,2,36279,y,l
KEB_00335,bombus griseocollis,r,7/16/2019,2,1,36301,n,r
KEB_00335,bombus griseocollis,r,7/16/2019,2,2,36323,n,r
KEB_00394,bombus griseocollis,r,7/19/2019,1,1,36433,y,l
KEB_00394,bombus griseocollis,r,7/19/2019,1,2,36455,y,l
KEB_00394,bombus griseocollis,r,7/19/2019,2,1,36477,n,r
KEB_00394,bombus griseocollis,r,7/19/2019,2,2,36499,n,r
KEB_00395,bombus griseocollis,r,7/19/2019,1,1,36521,y,l
KEB_00395,bombus griseocollis,r,7/19/2019,1,2,36543,y,l
KEB_00395,bombus griseocollis,r,7/19/2019,2,1,36565,n,r
KEB_00395,bombus griseocollis,r,7/19/2019,2,2,36587,n,r
KEB_00396,bombus griseocollis,r,7/19/2019,1,1,36609,y,l
KEB_00396,bombus griseocollis,r,7/19/2019,1,2,36631,y,l
KEB_00396,bombus griseocollis,r,7/19/2019,2,1,36653,n,r
KEB_00396,bombus griseocollis,r,7/19/2019,2,2,36675,n,r
KEB_00397,bombus griseocollis,r,7/19/2019,1,1,36697,y,l
KEB_00397,bombus griseocollis,r,7/19/2019,1,2,36719,y,l
KEB_00397,bombus griseocollis,r,7/19/2019,2,1,36741,n,r
KEB_00397,bombus griseocollis,r,7/19/2019,2,2,36763,n,r
KEB_00398,bombus griseocollis,r,7/19/2019,1,1,36785,y,l
KEB_00398,bombus griseocollis,r,7/19/2019,1,2,36807,y,l
KEB_00398,bombus griseocollis,r,7/19/2019,2,1,36829,n,r
KEB_00398,bombus griseocollis,r,7/19/2019,2,2,36851,n,r
KEB_00399,bombus griseocollis,r,7/19/2019,1,1,36873,y,l
KEB_00399,bombus griseocollis,r,7/19/2019,1,2,36895,y,l
KEB_00399,bombus griseocollis,r,7/19/2019,2,1,36917,n,r
KEB_00399,bombus griseocollis,r,7/19/2019,2,2,36939,n,r
KEB_00401,bombus griseocollis,r,7/19/2019,1,1,36961,y,l
KEB_00401,bombus griseocollis,r,7/19/2019,1,2,36983,y,l
KEB_00401,bombus griseocollis,r,7/19/2019,2,1,37005,n,r
KEB_00401,bombus griseocollis,r,7/19/2019,2,2,37027,n,r
KEB_00420,bombus griseocollis,r,7/19/2019,1,1,37049,y,l
KEB_00420,bombus griseocollis,r,7/19/2019,1,2,37071,y,l
KEB_00420,bombus griseocollis,r,7/19/2019,2,1,37093,n,r
KEB_00420,bombus griseocollis,r,7/19/2019,2,2,37115,n,r
KEB_00445,bombus griseocollis,r,7/23/2019,1,1,37137,y,l
KEB_00445,bombus griseocollis,r,7/23/2019,1,2,37159,y,l
KEB_00445,bombus griseocollis,r,7/23/2019,2,1,37181,n,r
KEB_00445,bombus griseocollis,r,7/23/2019,2,2,37203,n,r
KEB_00450,bombus griseocollis,r,7/23/2019,1,1,37225,y,l
KEB_00450,bombus griseocollis,r,7/23/2019,1,2,37247,y,l
KEB_00450,bombus griseocollis,r,7/23/2019,2,1,37269,n,r
KEB_00450,bombus griseocollis,r,7/23/2019,2,2,37291,n,r
KEB_00465,bombus griseocollis,r,7/23/2019,1,1,37313,y,l
KEB_00465,bombus griseocollis,r,7/23/2019,1,2,37335,y,l
KEB_00465,bombus griseocollis,r,7/23/2019,2,1,37357,n,r
KEB_00465,bombus griseocollis,r,7/23/2019,2,2,37379,n,r
KEB_00547,bombus griseocollis,r,7/26/2019,1,1,37489,y,l
KEB_00547,bombus griseocollis,r,7/26/2019,1,2,37511,y,l
KEB_00547,bombus griseocollis,r,7/26/2019,2,1,37533,n,r
KEB_00547,bombus griseocollis,r,7/26/2019,2,2,37555,n,r
KEB_00548,bombus griseocollis,r,7/26/2019,1,1,37577,y,l
KEB_00548,bombus griseocollis,r,7/26/2019,1,2,37599,y,l
KEB_00548,bombus griseocollis,r,7/26/2019,2,1,37621,n,r
KEB_00548,bombus griseocollis,r,7/26/2019,2,2,37643,n,r
KEB_00549,bombus griseocollis,r,7/26/2019,1,1,37665,y,l
KEB_00549,bombus griseocollis,r,7/26/2019,1,2,37687,y,l
KEB_00549,bombus griseocollis,r,7/26/2019,2,1,37709,n,r
KEB_00549,bombus griseocollis,r,7/26/2019,2,2,37731,n,r
KEB_00562,bombus griseocollis,r,7/26/2019,1,1,37753,y,l
KEB_00562,bombus griseocollis,r,7/26/2019,1,2,37775,y,l
KEB_00562,bombus griseocollis,r,7/26/2019,2,1,37797,n,r
KEB_00562,bombus griseocollis,r,7/26/2019,2,2,37819,n,r
KEB_00563,bombus griseocollis,r,7/26/2019,1,1,37841,y,l
KEB_00563,bombus griseocollis,r,7/26/2019,1,2,37863,y,l
KEB_00563,bombus griseocollis,r,7/26/2019,2,1,37885,n,r
KEB_00563,bombus griseocollis,r,7/26/2019,2,2,37907,n,r
KEB_00580,bombus griseocollis,r,7/26/2019,1,1,37929,y,l
KEB_00580,bombus griseocollis,r,7/26/2019,1,2,37951,y,l
KEB_00580,bombus griseocollis,r,7/26/2019,2,1,37973,n,r
KEB_00580,bombus griseocollis,r,7/26/2019,2,2,37995,n,r
KEB_00582,bombus griseocollis,r,7/26/2019,1,1,38017,y,l
KEB_00582,bombus griseocollis,r,7/26/2019,1,2,38039,y,l
KEB_00582,bombus griseocollis,r,7/26/2019,2,1,38061,n,r
KEB_00582,bombus griseocollis,r,7/26/2019,2,2,38083,n,r
KEB_00614,bombus griseocollis,r,7/29/2019,1,1,38105,y,l
KEB_00614,bombus griseocollis,r,7/29/2019,1,2,38127,y,l
KEB_00614,bombus griseocollis,r,7/29/2019,2,1,38149,n,r
KEB_00614,bombus griseocollis,r,7/29/2019,2,2,38171,n,r
KEB_00680,bombus griseocollis,r,8/9/2019,1,1,38193,y,l
KEB_00680,bombus griseocollis,r,8/9/2019,1,2,38215,y,l
KEB_00680,bombus griseocollis,r,8/9/2019,2,1,38237,n,r
KEB_00680,bombus griseocollis,r,8/9/2019,2,2,38259,n,r
KEB_00695,bombus griseocollis,r,8/9/2019,1,1,38281,y,l
KEB_00695,bombus griseocollis,r,8/9/2019,1,2,38303,y,l
KEB_00695,bombus griseocollis,r,8/9/2019,2,1,38325,n,r
KEB_00695,bombus griseocollis,r,8/9/2019,2,2,38347,n,r
KEB_00696,bombus griseocollis,r,8/9/2019,1,1,38369,y,l
KEB_00696,bombus griseocollis,r,8/9/2019,1,2,38391,y,l
KEB_00696,bombus griseocollis,r,8/9/2019,2,1,38413,n,r
KEB_00696,bombus griseocollis,r,8/9/2019,2,2,38435,n,r
KEB_00715,bombus griseocollis,r,8/13/2019,1,1,38457,y,l
KEB_00715,bombus griseocollis,r,8/13/2019,1,2,38479,y,l
KEB_00715,bombus griseocollis,r,8/13/2019,2,1,38501,n,r
KEB_00715,bombus griseocollis,r,8/13/2019,2,2,38523,n,r
KEB_00717,bombus griseocollis,r,8/13/2019,1,1,38545,y,l
KEB_00717,bombus griseocollis,r,8/13/2019,1,2,38567,y,l
KEB_00717,bombus griseocollis,r,8/13/2019,2,1,38589,n,r
KEB_00717,bombus griseocollis,r,8/13/2019,2,2,38611,n,r
KEB_00726,bombus griseocollis,r,8/13/2019,1,1,38633,y,l
KEB_00726,bombus griseocollis,r,8/13/2019,1,2,38655,y,l
KEB_00726,bombus griseocollis,r,8/13/2019,2,1,38677,n,r
KEB_00726,bombus griseocollis,r,8/13/2019,2,2,38699,n,r
KEB_00730,bombus griseocollis,r,8/13/2019,1,1,38809,y,l
KEB_00730,bombus griseocollis,r,8/13/2019,1,2,38831,y,l
KEB_00730,bombus griseocollis,r,8/13/2019,2,1,38853,n,r
KEB_00730,bombus griseocollis,r,8/13/2019,2,2,38875,n,r
KEB_00731,bombus griseocollis,r,8/13/2019,1,1,38897,y,l
KEB_00731,bombus griseocollis,r,8/13/2019,1,2,38919,y,l
KEB_00731,bombus griseocollis,r,8/13/2019,2,1,38941,n,r
KEB_00731,bombus griseocollis,r,8/13/2019,2,2,38963,n,r
KEB_00750,bombus griseocollis,r,8/13/2019,1,1,38985,y,l
KEB_00750,bombus griseocollis,r,8/13/2019,1,2,39007,y,l
KEB_00750,bombus griseocollis,r,8/13/2019,2,1,39029,n,r
KEB_00750,bombus griseocollis,r,8/13/2019,2,2,39051,n,r
KEB_00751,bombus griseocollis,r,8/13/2019,1,1,39073,y,l
KEB_00751,bombus griseocollis,r,8/13/2019,1,2,39095,y,l
KEB_00751,bombus griseocollis,r,8/13/2019,2,1,39117,n,r
KEB_00751,bombus griseocollis,r,8/13/2019,2,2,39139,n,r
KEB_00753,bombus griseocollis,r,8/13/2019,1,1,39161,y,l
KEB_00753,bombus griseocollis,r,8/13/2019,1,2,39183,y,l
KEB_00753,bombus griseocollis,r,8/13/2019,2,1,39205,n,r
KEB_00753,bombus griseocollis,r,8/13/2019,2,2,39227,n,r
KEB_00773,bombus griseocollis,c,8/14/2019,1,1,39249,y,l
KEB_00773,bombus griseocollis,c,8/14/2019,1,2,39271,y,l
KEB_00773,bombus griseocollis,c,8/14/2019,2,1,39293,n,r
KEB_00773,bombus griseocollis,c,8/14/2019,2,2,39315,n,r
KEB_00776,bombus griseocollis,c,8/14/2019,1,1,39337,y,l
KEB_00776,bombus griseocollis,c,8/14/2019,1,2,39359,y,l
KEB_00776,bombus griseocollis,c,8/14/2019,2,1,39381,n,r
KEB_00776,bombus griseocollis,c,8/14/2019,2,2,39403,n,r
KEB_00777,bombus griseocollis,c,8/14/2019,1,1,39425,y,l
KEB_00777,bombus griseocollis,c,8/14/2019,1,2,39447,y,l
KEB_00777,bombus griseocollis,c,8/14/2019,2,1,39469,n,r
KEB_00777,bombus griseocollis,c,8/14/2019,2,2,39491,n,r
KEB_00780,bombus griseocollis,c,8/14/2019,1,1,39513,y,l
KEB_00780,bombus griseocollis,c,8/14/2019,1,2,39535,y,l
KEB_00780,bombus griseocollis,c,8/14/2019,2,1,39557,n,r
KEB_00780,bombus griseocollis,c,8/14/2019,2,2,39579,n,r
KEB_00819,bombus griseocollis,r,8/16/2019,1,1,39601,y,l
KEB_00819,bombus griseocollis,r,8/16/2019,1,2,39623,y,l
KEB_00819,bombus griseocollis,r,8/16/2019,2,1,39645,n,r
KEB_00819,bombus griseocollis,r,8/16/2019,2,2,39667,n,r
KEB_00830,bombus griseocollis,r,8/16/2019,1,1,39689,y,l
KEB_00830,bombus griseocollis,r,8/16/2019,1,2,39711,y,l
KEB_00830,bombus griseocollis,r,8/16/2019,2,1,39733,n,r
KEB_00830,bombus griseocollis,r,8/16/2019,2,2,39755,n,r
KEB_00838,bombus griseocollis,r,8/16/2019,1,1,39777,y,l
KEB_00838,bombus griseocollis,r,8/16/2019,1,2,39799,y,l
KEB_00838,bombus griseocollis,r,8/16/2019,2,1,39821,n,r
KEB_00838,bombus griseocollis,r,8/16/2019,2,2,39843,n,r
KEB_00862,bombus griseocollis,r,8/16/2019,1,1,39953,y,l
KEB_00862,bombus griseocollis,r,8/16/2019,1,2,39975,y,l
KEB_00862,bombus griseocollis,r,8/16/2019,2,1,39997,n,r
KEB_00862,bombus griseocollis,r,8/16/2019,2,2,40019,n,r
KEB_00865,bombus griseocollis,r,8/16/2019,1,1,40041,y,l
KEB_00865,bombus griseocollis,r,8/16/2019,1,2,40063,y,l
KEB_00865,bombus griseocollis,r,8/16/2019,2,1,40085,n,r
KEB_00865,bombus griseocollis,r,8/16/2019,2,2,40107,n,r
KEB_00866,bombus griseocollis,r,8/16/2019,1,1,40129,y,l
KEB_00866,bombus griseocollis,r,8/16/2019,1,2,40151,y,l
KEB_00866,bombus griseocollis,r,8/16/2019,2,1,40173,y,r
KEB_00866,bombus griseocollis,r,8/16/2019,2,2,40195,y,r
KEB_00871,bombus griseocollis,c,8/29/2019,1,1,40217,y,l
KEB_00871,bombus griseocollis,c,8/29/2019,1,2,40239,y,l
KEB_00871,bombus griseocollis,c,8/29/2019,2,1,40261,n,r
KEB_00871,bombus griseocollis,c,8/29/2019,2,2,40283,n,r
KEB_00889,bombus griseocollis,c,8/30/2019,1,1,40305,y,l
KEB_00889,bombus griseocollis,c,8/30/2019,1,2,40327,y,l
KEB_00889,bombus griseocollis,c,8/30/2019,2,1,40349,n,r
KEB_00889,bombus griseocollis,c,8/30/2019,2,2,40371,n,r
KEB_00892,bombus griseocollis,r,8/30/2019,1,1,40393,y,l
KEB_00892,bombus griseocollis,r,8/30/2019,1,2,40415,y,l
KEB_00892,bombus griseocollis,r,8/30/2019,2,1,40437,n,r
KEB_00892,bombus griseocollis,r,8/30/2019,2,2,40459,n,r
KEB_00893,bombus griseocollis,r,8/30/2019,1,1,40481,y,l
KEB_00893,bombus griseocollis,r,8/30/2019,1,2,40503,y,l
KEB_00893,bombus griseocollis,r,8/30/2019,2,1,40525,n,r
KEB_00893,bombus griseocollis,r,8/30/2019,2,2,40547,n,r
KEB_00955,bombus griseocollis,r,9/13/2019,1,1,40569,y,l
KEB_00955,bombus griseocollis,r,9/13/2019,1,2,40591,y,l
KEB_00955,bombus griseocollis,r,9/13/2019,2,1,40613,n,r
KEB_00955,bombus griseocollis,r,9/13/2019,2,2,40635,n,r
KEB_00586,lasioglossum sp,r,7/26/2019,1,1,40657,n,l
KEB_00586,lasioglossum sp,r,7/26/2019,1,2,40679,n,l
KEB_00586,lasioglossum sp,r,7/26/2019,2,1,40701,n,r
KEB_00586,lasioglossum sp,r,7/26/2019,2,2,40723,n,r
KEB_00286,melissodes bimaculatus,r,7/15/2019,1,1,40745,n,l
KEB_00286,melissodes bimaculatus,r,7/15/2019,1,2,40767,n,l
KEB_00286,melissodes bimaculatus,r,7/15/2019,2,1,40789,n,r
KEB_00286,melissodes bimaculatus,r,7/15/2019,2,2,40811,n,r
KEB_00329,melissodes denticulatus,r,7/16/2019,1,1,40833,y,l
KEB_00329,melissodes denticulatus,r,7/16/2019,1,2,40855,y,l
KEB_00329,melissodes denticulatus,r,7/16/2019,2,1,40877,n,r
KEB_00329,melissodes denticulatus,r,7/16/2019,2,2,40899,n,r
KEB_00362,melissodes bimaculatus,r,7/17/2019,1,1,41009,y,l
KEB_00362,melissodes bimaculatus,r,7/17/2019,1,2,41031,y,l
KEB_00362,melissodes bimaculatus,r,7/17/2019,2,1,41053,n,r
KEB_00362,melissodes bimaculatus,r,7/17/2019,2,2,41075,n,r
KEB_00402,bombus impatiens,r,7/19/2019,1,1,41097,y,l
KEB_00402,bombus impatiens,r,7/19/2019,1,2,41119,y,l
KEB_00402,bombus impatiens,r,7/19/2019,2,1,41141,n,r
KEB_00402,bombus impatiens,r,7/19/2019,2,2,41163,n,r
KEB_00421,bombus impatiens,r,7/19/2019,1,1,41273,y,l
KEB_00421,bombus impatiens,r,7/19/2019,1,2,41295,y,l
KEB_00421,bombus impatiens,r,7/19/2019,2,1,41317,n,r
KEB_00421,bombus impatiens,r,7/19/2019,2,2,41339,n,r
KEB_00446,bombus impatiens,r,7/23/2019,1,1,41361,y,l
KEB_00446,bombus impatiens,r,7/23/2019,1,2,41383,y,l
KEB_00446,bombus impatiens,r,7/23/2019,2,1,41405,n,r
KEB_00446,bombus impatiens,r,7/23/2019,2,2,41427,n,r
KEB_00497,melissodes bimaculatus,c,7/25/2019,1,1,41537,y,l
KEB_00497,melissodes bimaculatus,c,7/25/2019,1,2,41559,y,l
KEB_00497,melissodes bimaculatus,c,7/25/2019,2,1,41581,n,r
KEB_00497,melissodes bimaculatus,c,7/25/2019,2,2,41603,n,r
KEB_00529,melissodes denticulatus,r,7/25/2019,1,1,41625,y,l
KEB_00529,melissodes denticulatus,r,7/25/2019,1,2,41647,y,l
KEB_00529,melissodes denticulatus,r,7/25/2019,2,1,41669,n,r
KEB_00529,melissodes denticulatus,r,7/25/2019,2,2,41691,n,r
KEB_00658,melissodes bimaculatus,r,8/9/2019,1,1,41801,y,l
KEB_00658,melissodes bimaculatus,r,8/9/2019,1,2,41823,y,l
KEB_00658,melissodes bimaculatus,r,8/9/2019,2,1,41845,n,r
KEB_00658,melissodes bimaculatus,r,8/9/2019,2,2,41867,n,r
KEB_00670,melissodes denticulatus,r,8/9/2019,1,1,41889,y,l
KEB_00670,melissodes denticulatus,r,8/9/2019,1,2,41911,y,l
KEB_00670,melissodes denticulatus,r,8/9/2019,2,1,41933,n,r
KEB_00670,melissodes denticulatus,r,8/9/2019,2,2,41955,n,r
KEB_00676,melissodes bimaculatus,r,8/9/2019,1,1,41977,y,l
KEB_00676,melissodes bimaculatus,r,8/9/2019,1,2,41999,y,l
KEB_00676,melissodes bimaculatus,r,8/9/2019,2,1,42021,n,r
KEB_00676,melissodes bimaculatus,r,8/9/2019,2,2,42043,n,r
KEB_00697,bombus impatiens,r,8/9/2019,1,1,42065,y,l
KEB_00697,bombus impatiens,r,8/9/2019,1,2,42087,y,l
KEB_00697,bombus impatiens,r,8/9/2019,2,1,42109,n,r
KEB_00697,bombus impatiens,r,8/9/2019,2,2,42131,n,r
KEB_00699,melissodes bimaculatus,r,8/9/2019,1,1,42241,y,l
KEB_00699,melissodes bimaculatus,r,8/9/2019,1,2,42263,y,l
KEB_00699,melissodes bimaculatus,r,8/9/2019,2,1,42285,y,r
KEB_00699,melissodes bimaculatus,r,8/9/2019,2,2,42307,y,r
KEB_00700,melissodes bimaculatus,r,8/9/2019,1,1,42329,n,l
KEB_00700,melissodes bimaculatus,r,8/9/2019,1,2,42351,n,l
KEB_00700,melissodes bimaculatus,r,8/9/2019,2,1,42373,n,r
KEB_00700,melissodes bimaculatus,r,8/9/2019,2,2,42395,n,r
KEB_00701,melissodes bimaculatus,r,8/9/2019,1,1,42417,y,l
KEB_00701,melissodes bimaculatus,r,8/9/2019,1,2,42439,y,l
KEB_00701,melissodes bimaculatus,r,8/9/2019,2,1,42461,n,r
KEB_00701,melissodes bimaculatus,r,8/9/2019,2,2,42483,n,r
KEB_00702,melissodes bimaculatus,r,8/9/2019,1,1,42505,y,l
KEB_00702,melissodes bimaculatus,r,8/9/2019,1,2,42527,y,l
KEB_00702,melissodes bimaculatus,r,8/9/2019,2,1,42549,n,r
KEB_00702,melissodes bimaculatus,r,8/9/2019,2,2,42571,n,r
KEB_00703,melissodes bimaculatus,r,8/9/2019,1,1,42593,n,l
KEB_00703,melissodes bimaculatus,r,8/9/2019,1,2,42615,n,l
KEB_00703,melissodes bimaculatus,r,8/9/2019,2,1,42637,n,r
KEB_00703,melissodes bimaculatus,r,8/9/2019,2,2,42659,n,r
KEB_00712,melissodes denticulatus,c,8/13/2019,1,1,42681,n,l
KEB_00712,melissodes denticulatus,c,8/13/2019,1,2,42703,n,l
KEB_00712,melissodes denticulatus,c,8/13/2019,2,1,42725,y,r
KEB_00712,melissodes denticulatus,c,8/13/2019,2,2,42747,y,r
KEB_00716,melissodes bimaculatus,r,8/13/2019,1,1,42769,y,l
KEB_00716,melissodes bimaculatus,r,8/13/2019,1,2,42791,y,l
KEB_00716,melissodes bimaculatus,r,8/13/2019,2,1,42813,n,r
KEB_00716,melissodes bimaculatus,r,8/13/2019,2,2,42835,n,r
KEB_00720,melissodes denticulatus,r,8/13/2019,1,1,42857,y,l
KEB_00720,melissodes denticulatus,r,8/13/2019,1,2,42879,y,l
KEB_00720,melissodes denticulatus,r,8/13/2019,2,1,42901,n,r
KEB_00720,melissodes denticulatus,r,8/13/2019,2,2,42923,n,r
KEB_00743,bombus impatiens,r,8/13/2019,1,1,43121,y,l
KEB_00743,bombus impatiens,r,8/13/2019,1,2,43143,y,l
KEB_00743,bombus impatiens,r,8/13/2019,2,1,43165,n,r
KEB_00743,bombus impatiens,r,8/13/2019,2,2,43187,n,r
KEB_00745,melissodes denticulatus,r,8/13/2019,1,1,43209,y,l
KEB_00745,melissodes denticulatus,r,8/13/2019,1,2,43231,y,l
KEB_00745,melissodes denticulatus,r,8/13/2019,2,1,43253,y,r
KEB_00745,melissodes denticulatus,r,8/13/2019,2,2,43275,y,r
KEB_00755,melissodes bimaculatus,r,8/14/2019,1,1,43297,y,l
KEB_00755,melissodes bimaculatus,r,8/14/2019,1,2,43319,y,l
KEB_00755,melissodes bimaculatus,r,8/14/2019,2,1,43341,n,r
KEB_00755,melissodes bimaculatus,r,8/14/2019,2,2,43363,n,r
KEB_00757,bombus impatiens,r,8/14/2019,1,1,43385,y,l
KEB_00757,bombus impatiens,r,8/14/2019,1,2,43407,y,l
KEB_00757,bombus impatiens,r,8/14/2019,2,1,43429,n,r
KEB_00757,bombus impatiens,r,8/14/2019,2,2,43451,n,r
KEB_00770,bombus impatiens,c,8/14/2019,1,1,43473,y,l
KEB_00770,bombus impatiens,c,8/14/2019,1,2,43495,y,l
KEB_00770,bombus impatiens,c,8/14/2019,2,1,43517,n,r
KEB_00770,bombus impatiens,c,8/14/2019,2,2,43539,n,r
KEB_00771,bombus impatiens,c,8/14/2019,1,1,43561,y,l
KEB_00771,bombus impatiens,c,8/14/2019,1,2,43583,y,l
KEB_00771,bombus impatiens,c,8/14/2019,2,1,43605,n,r
KEB_00771,bombus impatiens,c,8/14/2019,2,2,43627,n,r
KEB_00784,melissodes bimaculatus,r,8/15/2019,1,1,43649,y,l
KEB_00784,melissodes bimaculatus,r,8/15/2019,1,2,43671,y,l
KEB_00784,melissodes bimaculatus,r,8/15/2019,2,1,43693,n,r
KEB_00784,melissodes bimaculatus,r,8/15/2019,2,2,43715,n,r
KEB_00820,melissodes bimaculatus,r,8/16/2019,1,1,43737,y,l
KEB_00820,melissodes bimaculatus,r,8/16/2019,1,2,43759,y,l
KEB_00820,melissodes bimaculatus,r,8/16/2019,2,1,43781,n,r
KEB_00820,melissodes bimaculatus,r,8/16/2019,2,2,43803,n,r
KEB_00917,bombus impatiens,r,8/30/2019,1,1,44177,y,l
KEB_00917,bombus impatiens,r,8/30/2019,1,2,44199,y,l
KEB_00917,bombus impatiens,r,8/30/2019,2,1,44221,n,r
KEB_00917,bombus impatiens,r,8/30/2019,2,2,44243,n,r
KEB_00918,bombus impatiens,r,8/30/2019,1,1,44265,y,l
KEB_00918,bombus impatiens,r,8/30/2019,1,2,44287,y,l
KEB_00918,bombus impatiens,r,8/30/2019,2,1,44309,n,r
KEB_00918,bombus impatiens,r,8/30/2019,2,2,44331,n,r
KEB_01010,bombus impatiens,r,9/20/2019,1,1,44353,y,l
KEB_01010,bombus impatiens,r,9/20/2019,1,2,44375,y,l
KEB_01010,bombus impatiens,r,9/20/2019,2,1,44397,n,r
KEB_01010,bombus impatiens,r,9/20/2019,2,2,44419,n,r
KEB_00949,bombus impatiens,c,9/13/2019,1,1,44441,y,l
KEB_00949,bombus impatiens,c,9/13/2019,1,2,44463,y,l
KEB_00949,bombus impatiens,c,9/13/2019,2,1,44485,n,r
KEB_00949,bombus impatiens,c,9/13/2019,2,2,44507,n,r
KEB_00951,bombus impatiens,c,9/13/2019,1,1,44529,y,l
KEB_00951,bombus impatiens,c,9/13/2019,1,2,44551,y,l
KEB_00951,bombus impatiens,c,9/13/2019,2,1,44573,n,r
KEB_00951,bombus impatiens,c,9/13/2019,2,2,44595,n,r
KEB_00952,bombus impatiens,c,9/13/2019,1,1,44617,y,l
KEB_00952,bombus impatiens,c,9/13/2019,1,2,44639,y,l
KEB_00952,bombus impatiens,c,9/13/2019,2,1,44661,n,r
KEB_00952,bombus impatiens,c,9/13/2019,2,2,44683,n,r
KEB_00953,bombus impatiens,c,9/13/2019,1,1,44705,y,l
KEB_00953,bombus impatiens,c,9/13/2019,1,2,44727,y,l
KEB_00953,bombus impatiens,c,9/13/2019,2,1,44749,n,r
KEB_00953,bombus impatiens,c,9/13/2019,2,2,44771,n,r
KEB_00954,bombus impatiens,c,9/13/2019,1,1,44793,y,l
KEB_00954,bombus impatiens,c,9/13/2019,1,2,44815,y,l
KEB_00954,bombus impatiens,c,9/13/2019,2,1,44837,n,r
KEB_00954,bombus impatiens,c,9/13/2019,2,2,44859,n,r
KEB_00957,bombus impatiens,r,9/13/2019,1,1,44881,y,l
KEB_00957,bombus impatiens,r,9/13/2019,1,2,44903,y,l
KEB_00957,bombus impatiens,r,9/13/2019,2,1,44925,n,r
KEB_00957,bombus impatiens,r,9/13/2019,2,2,44947,n,r
KEB_00958,bombus impatiens,r,9/13/2019,1,1,44969,y,l
KEB_00958,bombus impatiens,r,9/13/2019,1,2,44991,y,l
KEB_00958,bombus impatiens,r,9/13/2019,2,1,45013,n,r
KEB_00958,bombus impatiens,r,9/13/2019,2,2,45035,n,r
KEB_00959,bombus impatiens,r,9/13/2019,1,1,45057,y,l
KEB_00959,bombus impatiens,r,9/13/2019,1,2,45079,y,l
KEB_00959,bombus impatiens,r,9/13/2019,2,1,45101,n,r
KEB_00959,bombus impatiens,r,9/13/2019,2,2,45123,n,r
KEB_00961,bombus impatiens,r,9/13/2019,1,1,45145,y,l
KEB_00961,bombus impatiens,r,9/13/2019,1,2,45167,y,l
KEB_00961,bombus impatiens,r,9/13/2019,2,1,45189,n,r
KEB_00961,bombus impatiens,r,9/13/2019,2,2,45211,n,r
KEB_00966,bombus impatiens,r,9/13/2019,1,1,45233,y,l
KEB_00966,bombus impatiens,r,9/13/2019,1,2,45255,y,l
KEB_00966,bombus impatiens,r,9/13/2019,2,1,45277,n,r
KEB_00966,bombus impatiens,r,9/13/2019,2,2,45299,n,r
KEB_00967,bombus impatiens,r,9/13/2019,1,1,45321,y,l
KEB_00967,bombus impatiens,r,9/13/2019,1,2,45343,y,l
KEB_00967,bombus impatiens,r,9/13/2019,2,1,45365,n,r
KEB_00967,bombus impatiens,r,9/13/2019,2,2,45387,n,r
KEB_00969,bombus impatiens,r,9/13/2019,1,1,45409,y,l
KEB_00969,bombus impatiens,r,9/13/2019,1,2,45431,y,l
KEB_00969,bombus impatiens,r,9/13/2019,2,1,45453,n,r
KEB_00969,bombus impatiens,r,9/13/2019,2,2,45475,n,r
KEB_00970,bombus impatiens,r,9/13/2019,1,1,45497,y,l
KEB_00970,bombus impatiens,r,9/13/2019,1,2,45519,y,l
KEB_00970,bombus impatiens,r,9/13/2019,2,1,45541,n,r
KEB_00970,bombus impatiens,r,9/13/2019,2,2,45563,n,r
KEB_00983,bombus impatiens,c,9/13/2019,1,1,45585,y,l
KEB_00983,bombus impatiens,c,9/13/2019,1,2,45607,y,l
KEB_00983,bombus impatiens,c,9/13/2019,2,1,45629,n,r
KEB_00983,bombus impatiens,c,9/13/2019,2,2,45651,n,r
KEB_00986,bombus impatiens,c,9/13/2019,1,1,45673,y,l
KEB_00986,bombus impatiens,c,9/13/2019,1,2,45695,y,l
KEB_00986,bombus impatiens,c,9/13/2019,2,1,45717,n,r
KEB_00986,bombus impatiens,c,9/13/2019,2,2,45739,n,r
KEB_00989,bombus impatiens,c,9/13/2019,1,1,45761,y,l
KEB_00989,bombus impatiens,c,9/13/2019,1,2,45783,y,l
KEB_00989,bombus impatiens,c,9/13/2019,2,1,45805,n,r
KEB_00989,bombus impatiens,c,9/13/2019,2,2,45827,n,r
KEB_01005,bombus impatiens,r,9/20/2019,1,1,45849,y,l
KEB_01005,bombus impatiens,r,9/20/2019,1,2,45871,y,l
KEB_01005,bombus impatiens,r,9/20/2019,2,1,45893,n,r
KEB_01005,bombus impatiens,r,9/20/2019,2,2,45915,n,r
KEB_01008,bombus impatiens,r,9/20/2019,1,1,45937,y,l
KEB_01008,bombus impatiens,r,9/20/2019,1,2,45959,y,l
KEB_01008,bombus impatiens,r,9/20/2019,2,1,45981,n,r
KEB_01008,bombus impatiens,r,9/20/2019,2,2,46003,n,r
KEB_01009,bombus impatiens,r,9/20/2019,1,1,46025,y,l
KEB_01009,bombus impatiens,r,9/20/2019,1,2,46047,y,l
KEB_01009,bombus impatiens,r,9/20/2019,2,1,46069,n,r
KEB_01009,bombus impatiens,r,9/20/2019,2,2,46091,n,r
KEB_00237,melissodes denticulatus,r,7/12/2019,1,1,46113,y,l
KEB_00237,melissodes denticulatus,r,7/12/2019,1,2,46135,y,l
KEB_00237,melissodes denticulatus,r,7/12/2019,2,1,46157,n,r
KEB_00237,melissodes denticulatus,r,7/12/2019,2,2,46179,n,r
